equity_report_year,data_year,indicator,data_source,group,category,subcategory,count,percent,rate
2025,,English Language Learners,California Department of Education.,"05: 5th Grade (n=6,972)",ELL Level,Level 2,,25.0,
2025,2020.0,Business Ownership,2020 American Community Survey 5-year Estimates,Population,Race/Ethnicity,"Hispanic or Latino, of Any Race",1126266.0,33.9,
2025,2020.0,Business Ownership,2020 American Community Survey 5-year Estimates,Population,Race/Ethnicity,"White, Non-Hispanic",1492165.0,44.9,
2023,2017.0,Business Ownership,2017 American Community Survey 1-year Estimates,2017 Population,Race/Ethnicity,"American Indian or Alaska Native, Non-Hispanic",12699.0,0.4,
2023,2017.0,Business Ownership,2017 American Community Survey 1-year Estimates,2017 Population,Race/Ethnicity,"Asian, Non-Hispanic",394340.0,11.8,
2023,2017.0,Business Ownership,2017 American Community Survey 1-year Estimates,2017 Population,Race/Ethnicity,"Native Hawaiian or Pacific Islander, Non-Hispanic",12808.0,0.4,
2023,2017.0,Business Ownership,2017 American Community Survey 1-year Estimates,2017 Population,Race/Ethnicity,"Black or African American, Non-Hispanic",153740.0,4.6,
2023,2017.0,Business Ownership,2017 American Community Survey 1-year Estimates,2017 Population,Race/Ethnicity,"Hispanic or Latino, of Any Race",1129970.0,33.9,
2023,2017.0,Business Ownership,2017 American Community Survey 1-year Estimates,2017 Population,Race/Ethnicity,"White, Non-Hispanic",1512229.0,45.3,
2023,2017.0,Business Ownership,2017 American Community Survey 1-year Estimates,2017 Population,Race/Ethnicity,Multiracial,113880.0,3.4,
2023,2017.0,Business Ownership,2017 American Community Survey 1-year Estimates,2017 Population,Race/Ethnicity,Some Other Race,8019.0,0.2,
2023,2017.0,Business Ownership,2017 American Community Survey 1-year Estimates,2017 Population,Minority_Nonminority,Minority,1825456.0,54.7,
2023,2017.0,Business Ownership,2017 American Community Survey 1-year Estimates,2017 Population,Minority_Nonminority,Nonminority,1512229.0,45.3,
2023,2017.0,Business Ownership,2017 American Community Survey 1-year Estimates,2017 Population,Sex,Female,1658275.0,49.7,
2023,2017.0,Business Ownership,2017 American Community Survey 1-year Estimates,2017 Population,Sex,Male,1679410.0,50.3,
2023,2017.0,Business Ownership,2017 American Community Survey 1-year Estimates,2017 Population,Total,Total,3337685.0,100.0,
2023,2017.0,Business Ownership,2018 Annual Business Survey,Employer Businesses,Race/Ethnicity,"American Indian or Alaska Native, Non-Hispanic",154.0,0.2,
2023,2017.0,Business Ownership,2018 Annual Business Survey,Employer Businesses,Race/Ethnicity,"Asian, Non-Hispanic",8846.0,13.0,
2023,2017.0,Business Ownership,2018 Annual Business Survey,Employer Businesses,Race/Ethnicity,"Black or African American, Non-Hispanic",658.0,1.0,
2023,2017.0,Business Ownership,2018 Annual Business Survey,Employer Businesses,Race/Ethnicity,"Hispanic or Latino, of Any Race",6392.0,9.4,
2023,2017.0,Business Ownership,2018 Annual Business Survey,Employer Businesses,Race/Ethnicity,Equally Hispanic/Non-Hispanic,1201.0,1.8,
2023,2017.0,Business Ownership,2018 Annual Business Survey,Employer Businesses,Race/Ethnicity,"White, Non-Hispanic",46781.0,68.7,
2023,2017.0,Business Ownership,2018 Annual Business Survey,Employer Businesses,Minority_Nonminority,Minority,16237.0,23.8,
2023,2017.0,Business Ownership,2018 Annual Business Survey,Employer Businesses,Minority_Nonminority,Nonminority,46070.0,67.6,
2023,2017.0,Business Ownership,2018 Annual Business Survey,Employer Businesses,Minority_Nonminority,Equally Minority/Nonminority,1652.0,2.4,
2023,2017.0,Business Ownership,2018 Annual Business Survey,Employer Businesses,Unclassifiable,Unclassifiable,4176.0,6.1,
2023,2017.0,Business Ownership,2018 Annual Business Survey,Employer Businesses,Sex,Female,13521.0,19.8,
2023,2017.0,Business Ownership,2018 Annual Business Survey,Employer Businesses,Sex,Male,39786.0,58.4,
2023,2017.0,Business Ownership,2018 Annual Business Survey,Employer Businesses,Sex,Equally Female/Male Owned,10652.0,15.6,
2023,2017.0,Business Ownership,2018 Annual Business Survey,Employer Businesses,Total,Total,68133.0,100.0,
2023,2017.0,Business Ownership,2018 Nonemployer Statistics by Demographics series,Nonemployer Businesses,Race/Ethnicity,"American Indian or Alaska Native, Non-Hispanic",450.0,0.2,
2023,2017.0,Business Ownership,2018 Nonemployer Statistics by Demographics series,Nonemployer Businesses,Race/Ethnicity,"Asian, Non-Hispanic",30000.0,10.2,
2023,2017.0,Business Ownership,2018 Nonemployer Statistics by Demographics series,Nonemployer Businesses,Race/Ethnicity,"Native Hawaiian or Pacific Islander, Non-Hispanic",700.0,0.2,
2023,2017.0,Business Ownership,2018 Nonemployer Statistics by Demographics series,Nonemployer Businesses,Race/Ethnicity,"Black or African American, Non-Hispanic",11500.0,3.9,
2023,2017.0,Business Ownership,2018 Nonemployer Statistics by Demographics series,Nonemployer Businesses,Race/Ethnicity,"Hispanic or Latino, of Any Race",71000.0,24.2,
2023,2017.0,Business Ownership,2018 Nonemployer Statistics by Demographics series,Nonemployer Businesses,Race/Ethnicity,Equally Hispanic/Non-Hispanic,800.0,0.3,
2023,2017.0,Business Ownership,2018 Nonemployer Statistics by Demographics series,Nonemployer Businesses,Race/Ethnicity,"White, Non-Hispanic",171000.0,58.4,
2023,2017.0,Business Ownership,2018 Nonemployer Statistics by Demographics series,Nonemployer Businesses,Minority_Nonminority,Minority,114000.0,38.9,
2023,2017.0,Business Ownership,2018 Nonemployer Statistics by Demographics series,Nonemployer Businesses,Minority_Nonminority,Nonminority,171000.0,58.4,
2023,2017.0,Business Ownership,2018 Nonemployer Statistics by Demographics series,Nonemployer Businesses,Minority_Nonminority,Equally Minority/Nonminority,1300.0,0.4,
2023,2017.0,Business Ownership,2018 Nonemployer Statistics by Demographics series,Nonemployer Businesses,Unclassifiable,Unclassifiable,6800.0,2.3,
2023,2017.0,Business Ownership,2018 Nonemployer Statistics by Demographics series,Nonemployer Businesses,Sex,Female,122000.0,41.6,
2023,2017.0,Business Ownership,2018 Nonemployer Statistics by Demographics series,Nonemployer Businesses,Sex,Male,159000.0,54.3,
2023,2017.0,Business Ownership,2018 Nonemployer Statistics by Demographics series,Nonemployer Businesses,Sex,Equally Female/Male Owned,5000.0,1.7,
2023,2017.0,Business Ownership,2018 Nonemployer Statistics by Demographics series,Nonemployer Businesses,Total,Total,293000.0,100.0,
2023,2021.0,Commute Time and Method of Transportation,2021 American Community Survey 5-Year Estimates from IPUMS USA.,Commute Method of Transportation Among Employed People 16 Years of Age and Older,Private motor vehicle,"Auto, truck, or van",1288353.0,79.7,
2023,2021.0,Commute Time and Method of Transportation,2021 American Community Survey 5-Year Estimates from IPUMS USA.,Commute Method of Transportation Among Employed People 16 Years of Age and Older,Private motor vehicle,Motorcycle,7443.0,0.5,
2023,2021.0,Commute Time and Method of Transportation,2021 American Community Survey 5-Year Estimates from IPUMS USA.,Commute Method of Transportation Among Employed People 16 Years of Age and Older,Public transport,Bus,31233.0,1.9,
2023,2021.0,Commute Time and Method of Transportation,2021 American Community Survey 5-Year Estimates from IPUMS USA.,Commute Method of Transportation Among Employed People 16 Years of Age and Older,Public transport,"Light rail, streetcar, or trolley",3784.0,0.2,
2023,2021.0,Commute Time and Method of Transportation,2021 American Community Survey 5-Year Estimates from IPUMS USA.,Commute Method of Transportation Among Employed People 16 Years of Age and Older,Public transport,Subway or elevated,1022.0,0.1,
2023,2021.0,Commute Time and Method of Transportation,2021 American Community Survey 5-Year Estimates from IPUMS USA.,Commute Method of Transportation Among Employed People 16 Years of Age and Older,Public transport,Long-distance train or commuter train,2519.0,0.2,
2023,2021.0,Commute Time and Method of Transportation,2021 American Community Survey 5-Year Estimates from IPUMS USA.,Commute Method of Transportation Among Employed People 16 Years of Age and Older,Public transport,Taxicab,2414.0,0.2,
2023,2021.0,Commute Time and Method of Transportation,2021 American Community Survey 5-Year Estimates from IPUMS USA.,Commute Method of Transportation Among Employed People 16 Years of Age and Older,Public transport,Ferryboat,452.0,0.0,
2023,2021.0,Commute Time and Method of Transportation,2021 American Community Survey 5-Year Estimates from IPUMS USA.,Commute Method of Transportation Among Employed People 16 Years of Age and Older,Bicycle,Bicycle,8770.0,0.5,
2023,2021.0,Commute Time and Method of Transportation,2021 American Community Survey 5-Year Estimates from IPUMS USA.,Commute Method of Transportation Among Employed People 16 Years of Age and Older,Walked only,Walked only,47703.0,3.0,
2023,2021.0,Commute Time and Method of Transportation,2021 American Community Survey 5-Year Estimates from IPUMS USA.,Commute Method of Transportation Among Employed People 16 Years of Age and Older,Other,Other,18422.0,1.1,
2023,2021.0,Commute Time and Method of Transportation,2021 American Community Survey 5-Year Estimates from IPUMS USA.,Commute Method of Transportation Among Employed People 16 Years of Age and Older,Worked at home,Worked at home,204758.0,12.7,
2023,2021.0,Commute Time and Method of Transportation,2021 American Community Survey 5-Year Estimates from IPUMS USA.,Commute Method of Transportation Among Employed People 16 Years of Age and Older,Total Private Motor Vehicle,Total Private Motor Vehicle,1295796.0,80.1,
2023,2021.0,Commute Time and Method of Transportation,2021 American Community Survey 5-Year Estimates from IPUMS USA.,Commute Method of Transportation Among Employed People 16 Years of Age and Older,Total Public Transport,Total Public Transport,41424.0,2.6,
2023,2021.0,Commute Time and Method of Transportation,2021 American Community Survey 5-Year Estimates from IPUMS USA.,Commute Method of Transportation by Race/Ethnicity,Private Motor Vehicle,American Indian or Alaska Native,3725.0,81.6,
2025,,English Language Learners,California Department of Education.,"06: 6th Grade (n=5,899)",ELL Level,Level 2,,23.6,
2023,2021.0,Commute Time and Method of Transportation,2021 American Community Survey 5-Year Estimates from IPUMS USA.,Commute Method of Transportation by Race/Ethnicity,Private Motor Vehicle,Asian,161344.0,81.5,
2023,2021.0,Commute Time and Method of Transportation,2021 American Community Survey 5-Year Estimates from IPUMS USA.,Commute Method of Transportation by Race/Ethnicity,Private Motor Vehicle,Black or African American,56353.0,77.7,
2023,2021.0,Commute Time and Method of Transportation,2021 American Community Survey 5-Year Estimates from IPUMS USA.,Commute Method of Transportation by Race/Ethnicity,Private Motor Vehicle,"Hispanic or Latino, of Any Race",443857.0,84.2,
2023,2021.0,Commute Time and Method of Transportation,2021 American Community Survey 5-Year Estimates from IPUMS USA.,Commute Method of Transportation by Race/Ethnicity,Private Motor Vehicle,Native Hawaiian or Pacific Islander,5425.0,82.5,
2023,2021.0,Commute Time and Method of Transportation,2021 American Community Survey 5-Year Estimates from IPUMS USA.,Commute Method of Transportation by Race/Ethnicity,Private Motor Vehicle,White,576079.0,77.4,
2023,2021.0,Commute Time and Method of Transportation,2021 American Community Survey 5-Year Estimates from IPUMS USA.,Commute Method of Transportation by Race/Ethnicity,Private Motor Vehicle,Multiracial,44648.0,76.4,
2023,2021.0,Commute Time and Method of Transportation,2021 American Community Survey 5-Year Estimates from IPUMS USA.,Commute Method of Transportation by Race/Ethnicity,Private Motor Vehicle,Some Other Race,4365.0,76.3,
2023,2021.0,Commute Time and Method of Transportation,2021 American Community Survey 5-Year Estimates from IPUMS USA.,Commute Method of Transportation by Race/Ethnicity,Public Transport,American Indian or Alaska Native,140.0,3.1,
2023,2021.0,Commute Time and Method of Transportation,2021 American Community Survey 5-Year Estimates from IPUMS USA.,Commute Method of Transportation by Race/Ethnicity,Public Transport,Asian,5541.0,2.8,
2023,2021.0,Commute Time and Method of Transportation,2021 American Community Survey 5-Year Estimates from IPUMS USA.,Commute Method of Transportation by Race/Ethnicity,Public Transport,Black or African American,4414.0,6.1,
2025,2022.0,Internet Access,2022 American Community Survey 5-Year Estimates from IPUMS USA.,Residents With High-Speed Internet,Race/Ethnicity,Native Hawaiian or Pacific Islander,8913.0,85.0,
2023,2021.0,Commute Time and Method of Transportation,2021 American Community Survey 5-Year Estimates from IPUMS USA.,Commute Method of Transportation by Race/Ethnicity,Public Transport,"Hispanic or Latino, of Any Race",18513.0,3.5,
2023,2021.0,Commute Time and Method of Transportation,2021 American Community Survey 5-Year Estimates from IPUMS USA.,Commute Method of Transportation by Race/Ethnicity,Public Transport,Native Hawaiian or Pacific Islander,231.0,3.5,
2023,2021.0,Commute Time and Method of Transportation,2021 American Community Survey 5-Year Estimates from IPUMS USA.,Commute Method of Transportation by Race/Ethnicity,Public Transport,White,11089.0,1.5,
2023,2021.0,Commute Time and Method of Transportation,2021 American Community Survey 5-Year Estimates from IPUMS USA.,Commute Method of Transportation by Race/Ethnicity,Public Transport,Multiracial,1391.0,2.4,
2023,2021.0,Commute Time and Method of Transportation,2021 American Community Survey 5-Year Estimates from IPUMS USA.,Commute Method of Transportation by Race/Ethnicity,Public Transport,Some Other Race,105.0,1.8,
2023,2021.0,Commute Time and Method of Transportation,2021 American Community Survey 5-Year Estimates from IPUMS USA.,Commute Method of Transportation by Race/Ethnicity,Bicycle,American Indian or Alaska Native,27.0,0.6,
2023,2021.0,Commute Time and Method of Transportation,2021 American Community Survey 5-Year Estimates from IPUMS USA.,Commute Method of Transportation by Race/Ethnicity,Bicycle,Asian,990.0,0.5,
2023,2021.0,Commute Time and Method of Transportation,2021 American Community Survey 5-Year Estimates from IPUMS USA.,Commute Method of Transportation by Race/Ethnicity,Bicycle,Black or African American,276.0,0.4,
2023,2021.0,Commute Time and Method of Transportation,2021 American Community Survey 5-Year Estimates from IPUMS USA.,Commute Method of Transportation by Race/Ethnicity,Bicycle,"Hispanic or Latino, of Any Race",2223.0,0.4,
2023,2021.0,Commute Time and Method of Transportation,2021 American Community Survey 5-Year Estimates from IPUMS USA.,Commute Method of Transportation by Race/Ethnicity,Bicycle,Native Hawaiian or Pacific Islander,7.0,0.1,
2023,2021.0,Commute Time and Method of Transportation,2021 American Community Survey 5-Year Estimates from IPUMS USA.,Commute Method of Transportation by Race/Ethnicity,Bicycle,White,4975.0,0.7,
2023,2021.0,Commute Time and Method of Transportation,2021 American Community Survey 5-Year Estimates from IPUMS USA.,Commute Method of Transportation by Race/Ethnicity,Bicycle,Multiracial,198.0,0.3,
2023,2021.0,Commute Time and Method of Transportation,2021 American Community Survey 5-Year Estimates from IPUMS USA.,Commute Method of Transportation by Race/Ethnicity,Bicycle,Some Other Race,74.0,1.3,
2023,2021.0,Commute Time and Method of Transportation,2021 American Community Survey 5-Year Estimates from IPUMS USA.,Commute Method of Transportation by Race/Ethnicity,Walked Only,American Indian or Alaska Native,317.0,6.9,
2023,2021.0,Commute Time and Method of Transportation,2021 American Community Survey 5-Year Estimates from IPUMS USA.,Commute Method of Transportation by Race/Ethnicity,Walked Only,Asian,3769.0,1.9,
2023,2021.0,Commute Time and Method of Transportation,2021 American Community Survey 5-Year Estimates from IPUMS USA.,Commute Method of Transportation by Race/Ethnicity,Walked Only,Black or African American,3631.0,5.0,
2023,2021.0,Commute Time and Method of Transportation,2021 American Community Survey 5-Year Estimates from IPUMS USA.,Commute Method of Transportation by Race/Ethnicity,Walked Only,"Hispanic or Latino, of Any Race",15158.0,2.9,
2023,2021.0,Commute Time and Method of Transportation,2021 American Community Survey 5-Year Estimates from IPUMS USA.,Commute Method of Transportation by Race/Ethnicity,Walked Only,Native Hawaiian or Pacific Islander,80.0,1.2,
2023,2021.0,Commute Time and Method of Transportation,2021 American Community Survey 5-Year Estimates from IPUMS USA.,Commute Method of Transportation by Race/Ethnicity,Walked Only,White,22548.0,3.0,
2023,2021.0,Commute Time and Method of Transportation,2021 American Community Survey 5-Year Estimates from IPUMS USA.,Commute Method of Transportation by Race/Ethnicity,Walked Only,Multiracial,1901.0,3.3,
2023,2021.0,Commute Time and Method of Transportation,2021 American Community Survey 5-Year Estimates from IPUMS USA.,Commute Method of Transportation by Race/Ethnicity,Walked Only,Some Other Race,299.0,5.2,
2023,2021.0,Commute Time and Method of Transportation,2021 American Community Survey 5-Year Estimates from IPUMS USA.,Commute Method of Transportation by Race/Ethnicity,Other,Asian,1997.0,1.0,
2023,2021.0,Commute Time and Method of Transportation,2021 American Community Survey 5-Year Estimates from IPUMS USA.,Commute Method of Transportation by Race/Ethnicity,Other,Black or African American,663.0,0.9,
2023,2021.0,Commute Time and Method of Transportation,2021 American Community Survey 5-Year Estimates from IPUMS USA.,Commute Method of Transportation by Race/Ethnicity,Other,"Hispanic or Latino, of Any Race",7307.0,1.4,
2023,2021.0,Commute Time and Method of Transportation,2021 American Community Survey 5-Year Estimates from IPUMS USA.,Commute Method of Transportation by Race/Ethnicity,Other,Native Hawaiian or Pacific Islander,11.0,0.2,
2023,2021.0,Commute Time and Method of Transportation,2021 American Community Survey 5-Year Estimates from IPUMS USA.,Commute Method of Transportation by Race/Ethnicity,Other,White,7152.0,1.0,
2023,2021.0,Commute Time and Method of Transportation,2021 American Community Survey 5-Year Estimates from IPUMS USA.,Commute Method of Transportation by Race/Ethnicity,Other,Multiracial,1228.0,2.1,
2023,2021.0,Commute Time and Method of Transportation,2021 American Community Survey 5-Year Estimates from IPUMS USA.,Commute Method of Transportation by Race/Ethnicity,Other,Some Other Race,64.0,1.1,
2023,2021.0,Commute Time and Method of Transportation,2021 American Community Survey 5-Year Estimates from IPUMS USA.,Commute Method of Transportation by Race/Ethnicity,Worked at Home,American Indian or Alaska Native,354.0,7.8,
2023,2021.0,Commute Time and Method of Transportation,2021 American Community Survey 5-Year Estimates from IPUMS USA.,Commute Method of Transportation by Race/Ethnicity,Worked at Home,Asian,24351.0,12.3,
2023,2021.0,Commute Time and Method of Transportation,2021 American Community Survey 5-Year Estimates from IPUMS USA.,Commute Method of Transportation by Race/Ethnicity,Worked at Home,Black or African American,7218.0,9.9,
2023,2021.0,Commute Time and Method of Transportation,2021 American Community Survey 5-Year Estimates from IPUMS USA.,Commute Method of Transportation by Race/Ethnicity,Worked at Home,"Hispanic or Latino, of Any Race",40139.0,7.6,
2023,2021.0,Commute Time and Method of Transportation,2021 American Community Survey 5-Year Estimates from IPUMS USA.,Commute Method of Transportation by Race/Ethnicity,Worked at Home,Native Hawaiian or Pacific Islander,820.0,12.5,
2023,2021.0,Commute Time and Method of Transportation,2021 American Community Survey 5-Year Estimates from IPUMS USA.,Commute Method of Transportation by Race/Ethnicity,Worked at Home,White,122023.0,16.4,
2023,2021.0,Commute Time and Method of Transportation,2021 American Community Survey 5-Year Estimates from IPUMS USA.,Commute Method of Transportation by Race/Ethnicity,Worked at Home,Multiracial,9041.0,15.5,
2023,2021.0,Commute Time and Method of Transportation,2021 American Community Survey 5-Year Estimates from IPUMS USA.,Commute Method of Transportation by Race/Ethnicity,Worked at Home,Some Other Race,812.0,14.2,
2023,2021.0,Commute Time and Method of Transportation,2021 American Community Survey 5-Year Estimates from IPUMS USA.,Commute Method of Transportation by Sex,Private Motor Vehicle,Female,571278.0,79.8,
2023,2021.0,Commute Time and Method of Transportation,2021 American Community Survey 5-Year Estimates from IPUMS USA.,Commute Method of Transportation by Sex,Private Motor Vehicle,Male,724518.0,80.4,
2023,2021.0,Commute Time and Method of Transportation,2021 American Community Survey 5-Year Estimates from IPUMS USA.,Commute Method of Transportation by Sex,Public Transport,Female,19430.0,2.7,
2023,2021.0,Commute Time and Method of Transportation,2021 American Community Survey 5-Year Estimates from IPUMS USA.,Commute Method of Transportation by Sex,Public Transport,Male,21994.0,2.4,
2023,2021.0,Commute Time and Method of Transportation,2021 American Community Survey 5-Year Estimates from IPUMS USA.,Commute Method of Transportation by Sex,Bicycle,Female,1770.0,0.2,
2023,2021.0,Commute Time and Method of Transportation,2021 American Community Survey 5-Year Estimates from IPUMS USA.,Commute Method of Transportation by Sex,Bicycle,Male,7000.0,0.8,
2023,2021.0,Commute Time and Method of Transportation,2021 American Community Survey 5-Year Estimates from IPUMS USA.,Commute Method of Transportation by Sex,Walked Only,Female,14364.0,2.0,
2023,2021.0,Commute Time and Method of Transportation,2021 American Community Survey 5-Year Estimates from IPUMS USA.,Commute Method of Transportation by Sex,Walked Only,Male,33339.0,3.7,
2023,2021.0,Commute Time and Method of Transportation,2021 American Community Survey 5-Year Estimates from IPUMS USA.,Commute Method of Transportation by Sex,Other,Female,8245.0,1.2,
2023,2021.0,Commute Time and Method of Transportation,2021 American Community Survey 5-Year Estimates from IPUMS USA.,Commute Method of Transportation by Sex,Other,Male,10177.0,1.1,
2023,2021.0,Commute Time and Method of Transportation,2021 American Community Survey 5-Year Estimates from IPUMS USA.,Commute Method of Transportation by Sex,Worked at Home,Female,100730.0,14.1,
2023,2021.0,Commute Time and Method of Transportation,2021 American Community Survey 5-Year Estimates from IPUMS USA.,Commute Method of Transportation by Sex,Worked at Home,Male,104028.0,11.5,
2023,2021.0,Commute Time and Method of Transportation,2021 American Community Survey 5-Year Estimates from IPUMS USA.,Commute Method of Transportation by Disability Status,Private Motor Vehicle,With Reported Disability,50677.0,73.9,
2023,2021.0,Commute Time and Method of Transportation,2021 American Community Survey 5-Year Estimates from IPUMS USA.,Commute Method of Transportation by Disability Status,Private Motor Vehicle,Without Reported Disability,1245119.0,80.4,
2023,2021.0,Commute Time and Method of Transportation,2021 American Community Survey 5-Year Estimates from IPUMS USA.,Commute Method of Transportation by Disability Status,Public Transport,With Reported Disability,3716.0,5.4,
2023,2021.0,Commute Time and Method of Transportation,2021 American Community Survey 5-Year Estimates from IPUMS USA.,Commute Method of Transportation by Disability Status,Public Transport,Without Reported Disability,37708.0,2.4,
2023,2021.0,Commute Time and Method of Transportation,2021 American Community Survey 5-Year Estimates from IPUMS USA.,Commute Method of Transportation by Disability Status,Bicycle,With Reported Disability,276.0,0.4,
2023,2021.0,Commute Time and Method of Transportation,2021 American Community Survey 5-Year Estimates from IPUMS USA.,Commute Method of Transportation by Disability Status,Bicycle,Without Reported Disability,8494.0,0.5,
2023,2021.0,Commute Time and Method of Transportation,2021 American Community Survey 5-Year Estimates from IPUMS USA.,Commute Method of Transportation by Disability Status,Walked Only,With Reported Disability,2009.0,2.9,
2023,2021.0,Commute Time and Method of Transportation,2021 American Community Survey 5-Year Estimates from IPUMS USA.,Commute Method of Transportation by Disability Status,Walked Only,Without Reported Disability,45694.0,3.0,
2023,2021.0,Commute Time and Method of Transportation,2021 American Community Survey 5-Year Estimates from IPUMS USA.,Commute Method of Transportation by Disability Status,Other,With Reported Disability,1503.0,2.2,
2023,2021.0,Commute Time and Method of Transportation,2021 American Community Survey 5-Year Estimates from IPUMS USA.,Commute Method of Transportation by Disability Status,Other,Without Reported Disability,16919.0,1.1,
2023,2021.0,Commute Time and Method of Transportation,2021 American Community Survey 5-Year Estimates from IPUMS USA.,Commute Method of Transportation by Disability Status,Worked at Home,With Reported Disability,10386.0,15.1,
2023,2021.0,Commute Time and Method of Transportation,2021 American Community Survey 5-Year Estimates from IPUMS USA.,Commute Method of Transportation by Disability Status,Worked at Home,Without Reported Disability,194372.0,12.6,
2023,2021.0,Commute Time and Method of Transportation,2021 American Community Survey 5-Year Estimates from IPUMS USA.,Commute Method of Transportation by Immigrant Status,Private Motor Vehicle,Immigrant,386583.0,82.9,
2023,2021.0,Commute Time and Method of Transportation,2021 American Community Survey 5-Year Estimates from IPUMS USA.,Commute Method of Transportation by Immigrant Status,Private Motor Vehicle,Non-Immigrant,909213.0,79.0,
2023,2021.0,Commute Time and Method of Transportation,2021 American Community Survey 5-Year Estimates from IPUMS USA.,Commute Method of Transportation by Immigrant Status,Public Transport,Immigrant,15156.0,3.3,
2023,2021.0,Commute Time and Method of Transportation,2021 American Community Survey 5-Year Estimates from IPUMS USA.,Commute Method of Transportation by Immigrant Status,Public Transport,Non-Immigrant,26268.0,2.3,
2023,2021.0,Commute Time and Method of Transportation,2021 American Community Survey 5-Year Estimates from IPUMS USA.,Commute Method of Transportation by Immigrant Status,Bicycle,Immigrant,2305.0,0.5,
2023,2021.0,Commute Time and Method of Transportation,2021 American Community Survey 5-Year Estimates from IPUMS USA.,Commute Method of Transportation by Immigrant Status,Bicycle,Non-Immigrant,6465.0,0.6,
2023,2021.0,Commute Time and Method of Transportation,2021 American Community Survey 5-Year Estimates from IPUMS USA.,Commute Method of Transportation by Immigrant Status,Walked Only,Immigrant,9027.0,1.9,
2023,2021.0,Commute Time and Method of Transportation,2021 American Community Survey 5-Year Estimates from IPUMS USA.,Commute Method of Transportation by Immigrant Status,Walked Only,Non-Immigrant,38676.0,3.4,
2023,2021.0,Commute Time and Method of Transportation,2021 American Community Survey 5-Year Estimates from IPUMS USA.,Commute Method of Transportation by Immigrant Status,Other,Immigrant,6047.0,1.3,
2023,2021.0,Commute Time and Method of Transportation,2021 American Community Survey 5-Year Estimates from IPUMS USA.,Commute Method of Transportation by Immigrant Status,Other,Non-Immigrant,12375.0,1.1,
2023,2021.0,Commute Time and Method of Transportation,2021 American Community Survey 5-Year Estimates from IPUMS USA.,Commute Method of Transportation by Immigrant Status,Worked at Home,Immigrant,47170.0,10.1,
2023,2021.0,Commute Time and Method of Transportation,2021 American Community Survey 5-Year Estimates from IPUMS USA.,Commute Method of Transportation by Immigrant Status,Worked at Home,Non-Immigrant,157588.0,13.7,
2023,2021.0,Cost-Burdened Households,2021 American Community Survey 5-Year Estimates from IPUMS USA.,Extremely Cost-Burdened People in Households,Race/Ethnicity,American Indian or Alaska Native,943.0,10.5,
2023,2021.0,Cost-Burdened Households,2021 American Community Survey 5-Year Estimates from IPUMS USA.,Extremely Cost-Burdened People in Households,Race/Ethnicity,Asian,52577.0,14.0,
2023,2021.0,Cost-Burdened Households,2021 American Community Survey 5-Year Estimates from IPUMS USA.,Extremely Cost-Burdened People in Households,Race/Ethnicity,Black or African American,39374.0,28.3,
2023,2021.0,Cost-Burdened Households,2021 American Community Survey 5-Year Estimates from IPUMS USA.,Extremely Cost-Burdened People in Households,Race/Ethnicity,"Hispanic or Latino, of Any Race",226743.0,20.5,
2023,2021.0,Cost-Burdened Households,2021 American Community Survey 5-Year Estimates from IPUMS USA.,Extremely Cost-Burdened People in Households,Race/Ethnicity,Native Hawaiian or Pacific Islander,2119.0,19.4,
2023,2021.0,Cost-Burdened Households,2021 American Community Survey 5-Year Estimates from IPUMS USA.,Extremely Cost-Burdened People in Households,Race/Ethnicity,White,213921.0,15.2,
2023,2021.0,Cost-Burdened Households,2021 American Community Survey 5-Year Estimates from IPUMS USA.,Extremely Cost-Burdened People in Households,Race/Ethnicity,Multiracial,22655.0,15.9,
2023,2021.0,Cost-Burdened Households,2021 American Community Survey 5-Year Estimates from IPUMS USA.,Extremely Cost-Burdened People in Households,Race/Ethnicity,Some Other Race,2659.0,23.0,
2023,2021.0,Cost-Burdened Households,2021 American Community Survey 5-Year Estimates from IPUMS USA.,Extremely Cost-Burdened People in Households,Sex,Female,296382.0,18.5,
2023,2021.0,Cost-Burdened Households,2021 American Community Survey 5-Year Estimates from IPUMS USA.,Extremely Cost-Burdened People in Households,Sex,Male,264609.0,16.5,
2023,2021.0,Cost-Burdened Households,2021 American Community Survey 5-Year Estimates from IPUMS USA.,Extremely Cost-Burdened People in Households,Disability Status,With Reported Disability,71403.0,22.9,
2023,2021.0,Cost-Burdened Households,2021 American Community Survey 5-Year Estimates from IPUMS USA.,Extremely Cost-Burdened People in Households,Disability Status,Without Reported Disability,489588.0,16.9,
2023,2021.0,Cost-Burdened Households,2021 American Community Survey 5-Year Estimates from IPUMS USA.,Extremely Cost-Burdened People in Households,Immigrant Status,Immigrant,163403.0,20.1,
2023,2021.0,Cost-Burdened Households,2021 American Community Survey 5-Year Estimates from IPUMS USA.,Extremely Cost-Burdened People in Households,Immigrant Status,Non-Immigrant,397588.0,16.6,
2023,2021.0,Cost-Burdened Households,2021 American Community Survey 5-Year Estimates from IPUMS USA.,Extremely Cost-Burdened People in Households,Total,Total,560991.0,17.5,
2023,2021.0,Cost-Burdened Households,2021 American Community Survey 5-Year Estimates from IPUMS USA.,Cost-Burdened People in Households,Race/Ethnicity,American Indian or Alaska Native,1065.0,11.9,
2023,2021.0,Cost-Burdened Households,2021 American Community Survey 5-Year Estimates from IPUMS USA.,Cost-Burdened People in Households,Race/Ethnicity,Asian,66758.0,17.8,
2023,2021.0,Cost-Burdened Households,2021 American Community Survey 5-Year Estimates from IPUMS USA.,Cost-Burdened People in Households,Race/Ethnicity,Black or African American,34052.0,24.5,
2023,2021.0,Cost-Burdened Households,2021 American Community Survey 5-Year Estimates from IPUMS USA.,Cost-Burdened People in Households,Race/Ethnicity,"Hispanic or Latino, of Any Race",264021.0,23.8,
2023,2021.0,Cost-Burdened Households,2021 American Community Survey 5-Year Estimates from IPUMS USA.,Cost-Burdened People in Households,Race/Ethnicity,Native Hawaiian or Pacific Islander,2695.0,24.6,
2023,2021.0,Cost-Burdened Households,2021 American Community Survey 5-Year Estimates from IPUMS USA.,Cost-Burdened People in Households,Race/Ethnicity,White,256682.0,18.2,
2023,2021.0,Cost-Burdened Households,2021 American Community Survey 5-Year Estimates from IPUMS USA.,Cost-Burdened People in Households,Race/Ethnicity,Multiracial,26849.0,18.9,
2023,2021.0,Cost-Burdened Households,2021 American Community Survey 5-Year Estimates from IPUMS USA.,Cost-Burdened People in Households,Race/Ethnicity,Some Other Race,2631.0,22.7,
2023,2021.0,Cost-Burdened Households,2021 American Community Survey 5-Year Estimates from IPUMS USA.,Cost-Burdened People in Households,Sex,Female,332062.0,20.7,
2023,2021.0,Cost-Burdened Households,2021 American Community Survey 5-Year Estimates from IPUMS USA.,Cost-Burdened People in Households,Sex,Male,322691.0,20.1,
2023,2021.0,Cost-Burdened Households,2021 American Community Survey 5-Year Estimates from IPUMS USA.,Cost-Burdened People in Households,Disability Status,With Reported Disability,60850.0,19.5,
2023,2021.0,Cost-Burdened Households,2021 American Community Survey 5-Year Estimates from IPUMS USA.,Cost-Burdened People in Households,Disability Status,Without Reported Disability,593903.0,20.5,
2023,2021.0,Cost-Burdened Households,2021 American Community Survey 5-Year Estimates from IPUMS USA.,Cost-Burdened People in Households,Immigrant Status,Immigrant,171123.0,21.1,
2023,2021.0,Cost-Burdened Households,2021 American Community Survey 5-Year Estimates from IPUMS USA.,Cost-Burdened People in Households,Immigrant Status,Non-Immigrant,483630.0,20.2,
2023,2021.0,Cost-Burdened Households,2021 American Community Survey 5-Year Estimates from IPUMS USA.,Cost-Burdened People in Households,Total,Total,654753.0,20.4,
2023,2021.0,Cost-Burdened Households,2021 American Community Survey 5-Year Estimates from IPUMS USA.,Not Cost-Burdened People in Households,Race/Ethnicity,American Indian or Alaska Native,6967.0,77.6,
2023,2021.0,Cost-Burdened Households,2021 American Community Survey 5-Year Estimates from IPUMS USA.,Not Cost-Burdened People in Households,Race/Ethnicity,Asian,255692.0,68.2,
2023,2021.0,Cost-Burdened Households,2021 American Community Survey 5-Year Estimates from IPUMS USA.,Not Cost-Burdened People in Households,Race/Ethnicity,Black or African American,65779.0,47.3,
2023,2021.0,Cost-Burdened Households,2021 American Community Survey 5-Year Estimates from IPUMS USA.,Not Cost-Burdened People in Households,Race/Ethnicity,"Hispanic or Latino, of Any Race",617050.0,55.7,
2023,2021.0,Cost-Burdened Households,2021 American Community Survey 5-Year Estimates from IPUMS USA.,Not Cost-Burdened People in Households,Race/Ethnicity,Native Hawaiian or Pacific Islander,6122.0,56.0,
2023,2021.0,Cost-Burdened Households,2021 American Community Survey 5-Year Estimates from IPUMS USA.,Not Cost-Burdened People in Households,Race/Ethnicity,White,939577.0,66.6,
2023,2021.0,Cost-Burdened Households,2021 American Community Survey 5-Year Estimates from IPUMS USA.,Not Cost-Burdened People in Households,Race/Ethnicity,Multiracial,92887.0,65.2,
2023,2021.0,Cost-Burdened Households,2021 American Community Survey 5-Year Estimates from IPUMS USA.,Not Cost-Burdened People in Households,Race/Ethnicity,Some Other Race,6280.0,54.3,
2023,2021.0,Cost-Burdened Households,2021 American Community Survey 5-Year Estimates from IPUMS USA.,Not Cost-Burdened People in Households,Sex,Female,975496.0,60.8,
2023,2021.0,Cost-Burdened Households,2021 American Community Survey 5-Year Estimates from IPUMS USA.,Not Cost-Burdened People in Households,Sex,Male,1014858.0,63.3,
2023,2021.0,Cost-Burdened Households,2021 American Community Survey 5-Year Estimates from IPUMS USA.,Not Cost-Burdened People in Households,Disability Status,With Reported Disability,179536.0,57.6,
2023,2021.0,Cost-Burdened Households,2021 American Community Survey 5-Year Estimates from IPUMS USA.,Not Cost-Burdened People in Households,Disability Status,Without Reported Disability,1810818.0,62.6,
2023,2021.0,Cost-Burdened Households,2021 American Community Survey 5-Year Estimates from IPUMS USA.,Not Cost-Burdened People in Households,Immigrant Status,Immigrant,476475.0,58.8,
2023,2021.0,Cost-Burdened Households,2021 American Community Survey 5-Year Estimates from IPUMS USA.,Not Cost-Burdened People in Households,Immigrant Status,Non-Immigrant,1513879.0,63.2,
2023,2021.0,Cost-Burdened Households,2021 American Community Survey 5-Year Estimates from IPUMS USA.,Not Cost-Burdened People in Households,Total,Total,1990354.0,62.1,
2023,2021.0,Demographics Overview,2021 American Community Survey 5-Year Estimates from IPUMS USA.,San Diego County,Race/Ethnicity,Asian,380560.0,11.5,
2023,2021.0,Demographics Overview,2021 American Community Survey 5-Year Estimates from IPUMS USA.,San Diego County,Race/Ethnicity,Black or African American,150906.0,4.6,
2023,2021.0,Demographics Overview,2021 American Community Survey 5-Year Estimates from IPUMS USA.,San Diego County,Race/Ethnicity,"Hispanic or Latino, of Any Race",1131506.0,34.3,
2023,2021.0,Demographics Overview,2021 American Community Survey 5-Year Estimates from IPUMS USA.,San Diego County,Race/Ethnicity,Native Hawaiian or Pacific Islander,11443.0,0.3,
2023,2021.0,Demographics Overview,2021 American Community Survey 5-Year Estimates from IPUMS USA.,San Diego County,Race/Ethnicity,White,1456360.0,44.2,
2023,2021.0,Demographics Overview,2021 American Community Survey 5-Year Estimates from IPUMS USA.,San Diego County,Race/Ethnicity,Multiracial,144530.0,4.4,
2023,2021.0,Demographics Overview,2021 American Community Survey 5-Year Estimates from IPUMS USA.,San Diego County,Race/Ethnicity,Some Other Race,11855.0,0.4,
2023,2021.0,Demographics Overview,2021 American Community Survey 5-Year Estimates from IPUMS USA.,San Diego County,Sex,Female,1627861.0,49.4,
2023,2021.0,Demographics Overview,2021 American Community Survey 5-Year Estimates from IPUMS USA.,San Diego County,Sex,Male,1669036.0,50.6,
2023,2021.0,Demographics Overview,2021 American Community Survey 5-Year Estimates from IPUMS USA.,San Diego County,Disability Status,With Reported Disability,330607.0,10.0,
2023,2021.0,Demographics Overview,2021 American Community Survey 5-Year Estimates from IPUMS USA.,San Diego County,Disability Status,Without Reported Disability,2966290.0,90.0,
2023,2021.0,Demographics Overview,2021 American Community Survey 5-Year Estimates from IPUMS USA.,San Diego County,Immigrant Status,Immigrant,820427.0,24.9,
2023,2021.0,Demographics Overview,2021 American Community Survey 5-Year Estimates from IPUMS USA.,San Diego County,Immigrant Status,Non-Immigrant,2476470.0,75.1,
2023,2021.0,Demographics Overview,2021 American Community Survey 5-Year Estimates from IPUMS USA.,San Diego County,Total,Total,3296897.0,100.0,
2023,2021.0,Demographics Overview,2021 American Community Survey 5-Year Estimates from IPUMS USA.,San Diego County,Race/Ethnicity,American Indian or Alaska Native,9737.0,0.3,
2023,2021.0,Employment,2021 American Community Survey 5-Year Estimates from IPUMS USA.,Ages 16 and Older In Labor Force and Employed,Race/Ethnicity,American Indian or Alaska Native,4704.0,95.2,
2023,2021.0,Employment,2021 American Community Survey 5-Year Estimates from IPUMS USA.,Ages 16 and Older In Labor Force and Employed,Race/Ethnicity,Asian,202097.0,94.6,
2023,2021.0,Employment,2021 American Community Survey 5-Year Estimates from IPUMS USA.,Ages 16 and Older In Labor Force and Employed,Race/Ethnicity,Black or African American,74239.0,90.0,
2023,2021.0,Employment,2021 American Community Survey 5-Year Estimates from IPUMS USA.,Ages 16 and Older In Labor Force and Employed,Race/Ethnicity,"Hispanic or Latino, of Any Race",540805.0,92.5,
2023,2021.0,Employment,2021 American Community Survey 5-Year Estimates from IPUMS USA.,Ages 16 and Older In Labor Force and Employed,Race/Ethnicity,Native Hawaiian or Pacific Islander,6709.0,91.8,
2023,2021.0,Employment,2021 American Community Survey 5-Year Estimates from IPUMS USA.,Ages 16 and Older In Labor Force and Employed,Race/Ethnicity,White,760292.0,94.7,
2023,2021.0,Employment,2021 American Community Survey 5-Year Estimates from IPUMS USA.,Ages 16 and Older In Labor Force and Employed,Race/Ethnicity,Multiracial,59581.0,92.7,
2023,2021.0,Employment,2021 American Community Survey 5-Year Estimates from IPUMS USA.,Ages 16 and Older In Labor Force and Employed,Race/Ethnicity,Some Other Race,5803.0,93.2,
2023,2021.0,Employment,2021 American Community Survey 5-Year Estimates from IPUMS USA.,Ages 16 and Older In Labor Force and Employed,Sex,Female,737767.0,93.1,
2023,2021.0,Employment,2021 American Community Survey 5-Year Estimates from IPUMS USA.,Ages 16 and Older In Labor Force and Employed,Sex,Male,916463.0,94.0,
2023,2021.0,Employment,2021 American Community Survey 5-Year Estimates from IPUMS USA.,Ages 16 and Older In Labor Force and Employed,Disability Status,With Reported Disability,72314.0,86.7,
2023,2021.0,Employment,2021 American Community Survey 5-Year Estimates from IPUMS USA.,Ages 16 and Older In Labor Force and Employed,Disability Status,Without Reported Disability,1581916.0,94.0,
2023,2021.0,Employment,2021 American Community Survey 5-Year Estimates from IPUMS USA.,Ages 16 and Older In Labor Force and Employed,Immigrant Status,Immigrant,477019.0,94.0,
2023,2021.0,Employment,2021 American Community Survey 5-Year Estimates from IPUMS USA.,Ages 16 and Older In Labor Force and Employed,Immigrant Status,Non-Immigrant,1177211.0,93.5,
2023,2021.0,Employment,2021 American Community Survey 5-Year Estimates from IPUMS USA.,Ages 16 and Older In Labor Force and Employed,Total,Total,1654230.0,93.6,
2023,2021.0,Employment,2021 American Community Survey 5-Year Estimates from IPUMS USA.,Ages 16 and Older In Labor Force,Race/Ethnicity,American Indian or Alaska Native,4939.0,59.4,
2023,2021.0,Employment,2021 American Community Survey 5-Year Estimates from IPUMS USA.,Ages 16 and Older In Labor Force,Race/Ethnicity,Asian,213647.0,65.7,
2023,2021.0,Employment,2021 American Community Survey 5-Year Estimates from IPUMS USA.,Ages 16 and Older In Labor Force,Race/Ethnicity,Black or African American,82446.0,66.3,
2023,2021.0,Employment,2021 American Community Survey 5-Year Estimates from IPUMS USA.,Ages 16 and Older In Labor Force,Race/Ethnicity,"Hispanic or Latino, of Any Race",584617.0,69.6,
2023,2021.0,Employment,2021 American Community Survey 5-Year Estimates from IPUMS USA.,Ages 16 and Older In Labor Force,Race/Ethnicity,Native Hawaiian or Pacific Islander,7308.0,70.5,
2023,2021.0,Employment,2021 American Community Survey 5-Year Estimates from IPUMS USA.,Ages 16 and Older In Labor Force,Race/Ethnicity,White,803175.0,64.0,
2023,2021.0,Employment,2021 American Community Survey 5-Year Estimates from IPUMS USA.,Ages 16 and Older In Labor Force,Race/Ethnicity,Multiracial,64307.0,70.7,
2023,2021.0,Employment,2021 American Community Survey 5-Year Estimates from IPUMS USA.,Ages 16 and Older In Labor Force,Race/Ethnicity,Some Other Race,6224.0,68.7,
2023,2021.0,Employment,2021 American Community Survey 5-Year Estimates from IPUMS USA.,Ages 16 and Older In Labor Force,Sex,Female,792151.0,60.1,
2023,2021.0,Employment,2021 American Community Survey 5-Year Estimates from IPUMS USA.,Ages 16 and Older In Labor Force,Sex,Male,974512.0,72.5,
2023,2021.0,Employment,2021 American Community Survey 5-Year Estimates from IPUMS USA.,Ages 16 and Older In Labor Force,Disability Status,With Reported Disability,83408.0,26.9,
2023,2021.0,Employment,2021 American Community Survey 5-Year Estimates from IPUMS USA.,Ages 16 and Older In Labor Force,Disability Status,Without Reported Disability,1683255.0,71.6,
2023,2021.0,Employment,2021 American Community Survey 5-Year Estimates from IPUMS USA.,Ages 16 and Older In Labor Force,Immigrant Status,Immigrant,507233.0,65.0,
2023,2021.0,Employment,2021 American Community Survey 5-Year Estimates from IPUMS USA.,Ages 16 and Older In Labor Force,Immigrant Status,Non-Immigrant,1259430.0,66.9,
2023,2021.0,Employment,2021 American Community Survey 5-Year Estimates from IPUMS USA.,Ages 16 and Older In Labor Force,Total,Total,1766663.0,66.4,
2023,2021.0,Employment,2021 American Community Survey 5-Year Estimates from IPUMS USA.,Ages 16 and Older Not In Labor Force and Employed,Race/Ethnicity,American Indian or Alaska Native,235.0,4.8,
2023,2021.0,Employment,2021 American Community Survey 5-Year Estimates from IPUMS USA.,Ages 16 and Older Not In Labor Force and Employed,Race/Ethnicity,Asian,11550.0,5.4,
2023,2021.0,Employment,2021 American Community Survey 5-Year Estimates from IPUMS USA.,Ages 16 and Older Not In Labor Force and Employed,Race/Ethnicity,Black or African American,8207.0,10.0,
2023,2021.0,Employment,2021 American Community Survey 5-Year Estimates from IPUMS USA.,Ages 16 and Older Not In Labor Force and Employed,Race/Ethnicity,"Hispanic or Latino, of Any Race",43812.0,7.5,
2023,2021.0,Employment,2021 American Community Survey 5-Year Estimates from IPUMS USA.,Ages 16 and Older Not In Labor Force and Employed,Race/Ethnicity,Native Hawaiian or Pacific Islander,599.0,8.2,
2023,2021.0,Employment,2021 American Community Survey 5-Year Estimates from IPUMS USA.,Ages 16 and Older Not In Labor Force and Employed,Race/Ethnicity,White,42883.0,5.3,
2023,2021.0,Employment,2021 American Community Survey 5-Year Estimates from IPUMS USA.,Ages 16 and Older Not In Labor Force and Employed,Race/Ethnicity,Multiracial,4726.0,7.3,
2023,2021.0,Employment,2021 American Community Survey 5-Year Estimates from IPUMS USA.,Ages 16 and Older Not In Labor Force and Employed,Race/Ethnicity,Some Other Race,421.0,6.8,
2023,2021.0,Employment,2021 American Community Survey 5-Year Estimates from IPUMS USA.,Ages 16 and Older Not In Labor Force and Employed,Sex,Female,54384.0,6.9,
2023,2021.0,Employment,2021 American Community Survey 5-Year Estimates from IPUMS USA.,Ages 16 and Older Not In Labor Force and Employed,Sex,Male,58049.0,6.0,
2023,2021.0,Employment,2021 American Community Survey 5-Year Estimates from IPUMS USA.,Ages 16 and Older Not In Labor Force and Employed,Disability Status,With Reported Disability,11094.0,13.3,
2023,2021.0,Employment,2021 American Community Survey 5-Year Estimates from IPUMS USA.,Ages 16 and Older Not In Labor Force and Employed,Disability Status,Without Reported Disability,101339.0,6.0,
2023,2021.0,Employment,2021 American Community Survey 5-Year Estimates from IPUMS USA.,Ages 16 and Older Not In Labor Force and Employed,Immigrant Status,Immigrant,30214.0,6.0,
2023,2021.0,Employment,2021 American Community Survey 5-Year Estimates from IPUMS USA.,Ages 16 and Older Not In Labor Force and Employed,Immigrant Status,Non-Immigrant,82219.0,6.5,
2023,2021.0,Employment,2021 American Community Survey 5-Year Estimates from IPUMS USA.,Ages 16 and Older Not In Labor Force and Employed,Total,Total,112433.0,6.4,
2023,2021.0,Employment,2021 American Community Survey 5-Year Estimates from IPUMS USA.,Ages 16 and Older Not In Labor Force,Race/Ethnicity,American Indian or Alaska Native,3382.0,40.6,
2023,2021.0,Employment,2021 American Community Survey 5-Year Estimates from IPUMS USA.,Ages 16 and Older Not In Labor Force,Race/Ethnicity,Asian,111694.0,34.3,
2023,2021.0,Employment,2021 American Community Survey 5-Year Estimates from IPUMS USA.,Ages 16 and Older Not In Labor Force,Race/Ethnicity,Black or African American,41849.0,33.7,
2023,2021.0,Employment,2021 American Community Survey 5-Year Estimates from IPUMS USA.,Ages 16 and Older Not In Labor Force,Race/Ethnicity,"Hispanic or Latino, of Any Race",254761.0,30.4,
2023,2021.0,Employment,2021 American Community Survey 5-Year Estimates from IPUMS USA.,Ages 16 and Older Not In Labor Force,Race/Ethnicity,Native Hawaiian or Pacific Islander,3054.0,29.5,
2023,2021.0,Employment,2021 American Community Survey 5-Year Estimates from IPUMS USA.,Ages 16 and Older Not In Labor Force,Race/Ethnicity,White,451547.0,36.0,
2023,2021.0,Employment,2021 American Community Survey 5-Year Estimates from IPUMS USA.,Ages 16 and Older Not In Labor Force,Race/Ethnicity,Multiracial,26638.0,29.3,
2023,2021.0,Employment,2021 American Community Survey 5-Year Estimates from IPUMS USA.,Ages 16 and Older Not In Labor Force,Race/Ethnicity,Some Other Race,2833.0,31.3,
2023,2021.0,Employment,2021 American Community Survey 5-Year Estimates from IPUMS USA.,Ages 16 and Older Not In Labor Force,Sex,Female,526835.0,39.9,
2023,2021.0,Employment,2021 American Community Survey 5-Year Estimates from IPUMS USA.,Ages 16 and Older Not In Labor Force,Sex,Male,368923.0,27.5,
2023,2021.0,Employment,2021 American Community Survey 5-Year Estimates from IPUMS USA.,Ages 16 and Older Not In Labor Force,Disability Status,With Reported Disability,226643.0,73.1,
2023,2021.0,Employment,2021 American Community Survey 5-Year Estimates from IPUMS USA.,Ages 16 and Older Not In Labor Force,Disability Status,Without Reported Disability,669115.0,28.4,
2023,2021.0,Employment,2021 American Community Survey 5-Year Estimates from IPUMS USA.,Ages 16 and Older Not In Labor Force,Immigrant Status,Immigrant,272758.0,35.0,
2023,2021.0,Employment,2021 American Community Survey 5-Year Estimates from IPUMS USA.,Ages 16 and Older Not In Labor Force,Immigrant Status,Non-Immigrant,623000.0,33.1,
2023,2021.0,Employment,2021 American Community Survey 5-Year Estimates from IPUMS USA.,Ages 16 and Older Not In Labor Force,Total,Total,895758.0,33.6,
2023,,English Language Learners,California Department of Education,"00: Kindergarten (n=9,560)",ELL Level,Level 1,,18.9,
2023,,English Language Learners,California Department of Education,"01: 1st Grade (n=7,794)",ELL Level,Level 1,,30.7,
2023,,English Language Learners,California Department of Education,"02: 2nd Grade (n=8,210)",ELL Level,Level 1,,19.2,
2023,,English Language Learners,California Department of Education,"03: 3rd Grade (n=8,028)",ELL Level,Level 1,,18.3,
2023,,English Language Learners,California Department of Education,"04: 4th Grade (n=8,224)",ELL Level,Level 1,,14.8,
2023,,English Language Learners,California Department of Education,"05: 5th Grade (n=7,259)",ELL Level,Level 1,,12.7,
2023,,English Language Learners,California Department of Education,"06: 6th Grade (n=6,200)",ELL Level,Level 1,,14.2,
2023,,English Language Learners,California Department of Education,"07: 7th Grade (n=5,733)",ELL Level,Level 1,,14.8,
2023,,English Language Learners,California Department of Education,"08: 8th Grade (n=5,155)",ELL Level,Level 1,,14.8,
2023,,English Language Learners,California Department of Education,"09: 9th Grade (n=5,321)",ELL Level,Level 1,,25.0,
2023,,English Language Learners,California Department of Education,"10: 10th Grade (n=4,838)",ELL Level,Level 1,,23.6,
2023,,English Language Learners,California Department of Education,"11: 11th Grade (n=3,995)",ELL Level,Level 1,,23.8,
2023,,English Language Learners,California Department of Education,"12: 12th Grade (n=3,036)",ELL Level,Level 1,,24.2,
2023,,English Language Learners,California Department of Education,"Overall (N=83,393)",ELL Level,Level 1,,19.2,
2023,,English Language Learners,California Department of Education,"00: Kindergarten (n=9,560)",ELL Level,Level 2,,32.8,
2023,,English Language Learners,California Department of Education,"01: 1st Grade (n=7,794)",ELL Level,Level 2,,37.0,
2023,,English Language Learners,California Department of Education,"02: 2nd Grade (n=8,210)",ELL Level,Level 2,,28.7,
2023,,English Language Learners,California Department of Education,"03: 3rd Grade (n=8,028)",ELL Level,Level 2,,33.9,
2023,,English Language Learners,California Department of Education,"04: 4th Grade (n=8,224)",ELL Level,Level 2,,25.7,
2023,,English Language Learners,California Department of Education,"05: 5th Grade (n=7,259)",ELL Level,Level 2,,26.8,
2023,,English Language Learners,California Department of Education,"06: 6th Grade (n=6,200)",ELL Level,Level 2,,25.3,
2023,,English Language Learners,California Department of Education,"07: 7th Grade (n=5,733)",ELL Level,Level 2,,24.4,
2023,,English Language Learners,California Department of Education,"08: 8th Grade (n=5,155)",ELL Level,Level 2,,22.2,
2023,,English Language Learners,California Department of Education,"09: 9th Grade (n=5,321)",ELL Level,Level 2,,30.1,
2023,,English Language Learners,California Department of Education,"10: 10th Grade (n=4,838)",ELL Level,Level 2,,26.1,
2023,,English Language Learners,California Department of Education,"11: 11th Grade (n=3,995)",ELL Level,Level 2,,30.7,
2023,,English Language Learners,California Department of Education,"12: 12th Grade (n=3,036)",ELL Level,Level 2,,29.4,
2023,,English Language Learners,California Department of Education,"Overall (N=83,393)",ELL Level,Level 2,,29.1,
2023,,English Language Learners,California Department of Education,"00: Kindergarten (n=9,560)",ELL Level,Level 3,,33.0,
2023,,English Language Learners,California Department of Education,"01: 1st Grade (n=7,794)",ELL Level,Level 3,,25.7,
2023,,English Language Learners,California Department of Education,"02: 2nd Grade (n=8,210)",ELL Level,Level 3,,40.2,
2023,,English Language Learners,California Department of Education,"03: 3rd Grade (n=8,028)",ELL Level,Level 3,,35.1,
2023,,English Language Learners,California Department of Education,"04: 4th Grade (n=8,224)",ELL Level,Level 3,,40.4,
2023,,English Language Learners,California Department of Education,"05: 5th Grade (n=7,259)",ELL Level,Level 3,,36.3,
2023,,English Language Learners,California Department of Education,"06: 6th Grade (n=6,200)",ELL Level,Level 3,,39.9,
2023,,English Language Learners,California Department of Education,"07: 7th Grade (n=5,733)",ELL Level,Level 3,,35.1,
2023,,English Language Learners,California Department of Education,"08: 8th Grade (n=5,155)",ELL Level,Level 3,,37.1,
2023,,English Language Learners,California Department of Education,"09: 9th Grade (n=5,321)",ELL Level,Level 3,,32.8,
2023,,English Language Learners,California Department of Education,"10: 10th Grade (n=4,838)",ELL Level,Level 3,,32.6,
2023,,English Language Learners,California Department of Education,"11: 11th Grade (n=3,995)",ELL Level,Level 3,,31.6,
2023,,English Language Learners,California Department of Education,"12: 12th Grade (n=3,036)",ELL Level,Level 3,,31.9,
2023,,English Language Learners,California Department of Education,"Overall (N=83,393)",ELL Level,Level 3,,35.0,
2023,,English Language Learners,California Department of Education,"00: Kindergarten (n=9,560)",ELL Level,Level 4,,15.4,
2023,,English Language Learners,California Department of Education,"01: 1st Grade (n=7,794)",ELL Level,Level 4,,6.7,
2023,,English Language Learners,California Department of Education,"02: 2nd Grade (n=8,210)",ELL Level,Level 4,,11.9,
2023,,English Language Learners,California Department of Education,"03: 3rd Grade (n=8,028)",ELL Level,Level 4,,12.7,
2023,,English Language Learners,California Department of Education,"04: 4th Grade (n=8,224)",ELL Level,Level 4,,19.2,
2023,,English Language Learners,California Department of Education,"05: 5th Grade (n=7,259)",ELL Level,Level 4,,24.2,
2023,,English Language Learners,California Department of Education,"06: 6th Grade (n=6,200)",ELL Level,Level 4,,20.6,
2023,,English Language Learners,California Department of Education,"07: 7th Grade (n=5,733)",ELL Level,Level 4,,25.7,
2023,,English Language Learners,California Department of Education,"08: 8th Grade (n=5,155)",ELL Level,Level 4,,26.0,
2023,,English Language Learners,California Department of Education,"09: 9th Grade (n=5,321)",ELL Level,Level 4,,12.2,
2023,,English Language Learners,California Department of Education,"10: 10th Grade (n=4,838)",ELL Level,Level 4,,17.7,
2023,,English Language Learners,California Department of Education,"11: 11th Grade (n=3,995)",ELL Level,Level 4,,13.9,
2023,,English Language Learners,California Department of Education,"12: 12th Grade (n=3,036)",ELL Level,Level 4,,14.6,
2023,,English Language Learners,California Department of Education,"Overall (N=83,393)",ELL Level,Level 4,,16.7,
2023,2021.0,Food Insecurity,2021 American Community Survey 5-Year Estimates from IPUMS USA.,Residents Not Enrolled in SNAP,Race/Ethnicity,American Indian or Alaska Native,8766.0,90.0,
2023,2021.0,Food Insecurity,2021 American Community Survey 5-Year Estimates from IPUMS USA.,Residents Not Enrolled in SNAP,Race/Ethnicity,Asian,357114.0,93.8,
2023,2021.0,Food Insecurity,2021 American Community Survey 5-Year Estimates from IPUMS USA.,Residents Not Enrolled in SNAP,Race/Ethnicity,Black or African American,120429.0,79.8,
2023,2021.0,Food Insecurity,2021 American Community Survey 5-Year Estimates from IPUMS USA.,Residents Not Enrolled in SNAP,Race/Ethnicity,"Hispanic or Latino, of Any Race",953592.0,84.3,
2023,2021.0,Food Insecurity,2021 American Community Survey 5-Year Estimates from IPUMS USA.,Residents Not Enrolled in SNAP,Race/Ethnicity,Native Hawaiian or Pacific Islander,9488.0,82.9,
2023,2021.0,Food Insecurity,2021 American Community Survey 5-Year Estimates from IPUMS USA.,Residents Not Enrolled in SNAP,Race/Ethnicity,White,1371505.0,94.2,
2023,2021.0,Food Insecurity,2021 American Community Survey 5-Year Estimates from IPUMS USA.,Residents Not Enrolled in SNAP,Race/Ethnicity,Multiracial,130841.0,90.5,
2023,2021.0,Food Insecurity,2021 American Community Survey 5-Year Estimates from IPUMS USA.,Residents Not Enrolled in SNAP,Race/Ethnicity,Some Other Race,10374.0,87.5,
2023,2021.0,Food Insecurity,2021 American Community Survey 5-Year Estimates from IPUMS USA.,Residents Not Enrolled in SNAP,Sex,Female,1450301.0,89.1,
2023,2021.0,Food Insecurity,2021 American Community Survey 5-Year Estimates from IPUMS USA.,Residents Not Enrolled in SNAP,Sex,Male,1511808.0,90.6,
2023,2021.0,Food Insecurity,2021 American Community Survey 5-Year Estimates from IPUMS USA.,Residents Not Enrolled in SNAP,Disability Status,With Reported Disability,283355.0,85.7,
2023,2021.0,Food Insecurity,2021 American Community Survey 5-Year Estimates from IPUMS USA.,Residents Not Enrolled in SNAP,Disability Status,Without Reported Disability,2678754.0,90.3,
2023,2021.0,Food Insecurity,2021 American Community Survey 5-Year Estimates from IPUMS USA.,Residents Not Enrolled in SNAP,Immigrant Status,Immigrant,715523.0,87.2,
2023,2021.0,Food Insecurity,2021 American Community Survey 5-Year Estimates from IPUMS USA.,Residents Not Enrolled in SNAP,Immigrant Status,Non-Immigrant,2246586.0,90.7,
2023,2021.0,Food Insecurity,2021 American Community Survey 5-Year Estimates from IPUMS USA.,Residents Not Enrolled in SNAP,Total,Total,2962109.0,89.8,
2023,2021.0,Food Insecurity,2021 American Community Survey 5-Year Estimates from IPUMS USA.,Residents Enrolled in SNAP,Race/Ethnicity,American Indian or Alaska Native,971.0,10.0,
2023,2021.0,Food Insecurity,2021 American Community Survey 5-Year Estimates from IPUMS USA.,Residents Enrolled in SNAP,Race/Ethnicity,Asian,23446.0,6.2,
2023,2021.0,Food Insecurity,2021 American Community Survey 5-Year Estimates from IPUMS USA.,Residents Enrolled in SNAP,Race/Ethnicity,Black or African American,30477.0,20.2,
2023,2021.0,Food Insecurity,2021 American Community Survey 5-Year Estimates from IPUMS USA.,Residents Enrolled in SNAP,Race/Ethnicity,"Hispanic or Latino, of Any Race",177914.0,15.7,
2023,2021.0,Food Insecurity,2021 American Community Survey 5-Year Estimates from IPUMS USA.,Residents Enrolled in SNAP,Race/Ethnicity,Native Hawaiian or Pacific Islander,1955.0,17.1,
2023,2021.0,Food Insecurity,2021 American Community Survey 5-Year Estimates from IPUMS USA.,Residents Enrolled in SNAP,Race/Ethnicity,White,84855.0,5.8,
2023,2021.0,Food Insecurity,2021 American Community Survey 5-Year Estimates from IPUMS USA.,Residents Enrolled in SNAP,Race/Ethnicity,Multiracial,13689.0,9.5,
2023,2021.0,Food Insecurity,2021 American Community Survey 5-Year Estimates from IPUMS USA.,Residents Enrolled in SNAP,Race/Ethnicity,Some Other Race,1481.0,12.5,
2023,2021.0,Food Insecurity,2021 American Community Survey 5-Year Estimates from IPUMS USA.,Residents Enrolled in SNAP,Sex,Female,177560.0,10.9,
2023,2021.0,Food Insecurity,2021 American Community Survey 5-Year Estimates from IPUMS USA.,Residents Enrolled in SNAP,Sex,Male,157228.0,9.4,
2023,2021.0,Food Insecurity,2021 American Community Survey 5-Year Estimates from IPUMS USA.,Residents Enrolled in SNAP,Disability Status,With Reported Disability,47252.0,14.3,
2023,2021.0,Food Insecurity,2021 American Community Survey 5-Year Estimates from IPUMS USA.,Residents Enrolled in SNAP,Disability Status,Without Reported Disability,287536.0,9.7,
2023,2021.0,Food Insecurity,2021 American Community Survey 5-Year Estimates from IPUMS USA.,Residents Enrolled in SNAP,Immigrant Status,Immigrant,104904.0,12.8,
2023,2021.0,Food Insecurity,2021 American Community Survey 5-Year Estimates from IPUMS USA.,Residents Enrolled in SNAP,Immigrant Status,Non-Immigrant,229884.0,9.3,
2023,2021.0,Food Insecurity,2021 American Community Survey 5-Year Estimates from IPUMS USA.,Residents Enrolled in SNAP,Total,Total,334788.0,10.2,
2023,2021.0,Health Insurance,2021 American Community Survey 5-Year Estimates from IPUMS USA.,Insured Among All Ages,Race/Ethnicity,American Indian or Alaska Native,7768.0,79.8,
2023,2021.0,Health Insurance,2021 American Community Survey 5-Year Estimates from IPUMS USA.,Insured Among All Ages,Race/Ethnicity,Asian,362125.0,95.2,
2023,2021.0,Health Insurance,2021 American Community Survey 5-Year Estimates from IPUMS USA.,Insured Among All Ages,Race/Ethnicity,Black or African American,139528.0,92.5,
2023,2021.0,Health Insurance,2021 American Community Survey 5-Year Estimates from IPUMS USA.,Insured Among All Ages,Race/Ethnicity,"Hispanic or Latino, of Any Race",982214.0,86.8,
2023,2021.0,Health Insurance,2021 American Community Survey 5-Year Estimates from IPUMS USA.,Insured Among All Ages,Race/Ethnicity,Native Hawaiian or Pacific Islander,10716.0,93.6,
2023,2021.0,Health Insurance,2021 American Community Survey 5-Year Estimates from IPUMS USA.,Insured Among All Ages,Race/Ethnicity,White,1398304.0,96.0,
2023,2021.0,Health Insurance,2021 American Community Survey 5-Year Estimates from IPUMS USA.,Insured Among All Ages,Race/Ethnicity,Multiracial,135151.0,93.5,
2023,2021.0,Health Insurance,2021 American Community Survey 5-Year Estimates from IPUMS USA.,Insured Among All Ages,Race/Ethnicity,Some Other Race,11095.0,93.6,
2023,2021.0,Health Insurance,2021 American Community Survey 5-Year Estimates from IPUMS USA.,Insured Among All Ages,Sex,Female,1520149.0,93.4,
2023,2021.0,Health Insurance,2021 American Community Survey 5-Year Estimates from IPUMS USA.,Insured Among All Ages,Sex,Male,1526752.0,91.5,
2023,2021.0,Health Insurance,2021 American Community Survey 5-Year Estimates from IPUMS USA.,Insured Among All Ages,Disability Status,With Reported Disability,316424.0,95.7,
2023,2021.0,Health Insurance,2021 American Community Survey 5-Year Estimates from IPUMS USA.,Insured Among All Ages,Disability Status,Without Reported Disability,2730477.0,92.1,
2023,2021.0,Health Insurance,2021 American Community Survey 5-Year Estimates from IPUMS USA.,Insured Among All Ages,Immigrant Status,Immigrant,710671.0,86.6,
2023,2021.0,Health Insurance,2021 American Community Survey 5-Year Estimates from IPUMS USA.,Insured Among All Ages,Immigrant Status,Non-Immigrant,2336230.0,94.3,
2023,2021.0,Health Insurance,2021 American Community Survey 5-Year Estimates from IPUMS USA.,Insured Among All Ages,Total,Total,3046901.0,92.4,
2023,2021.0,Health Insurance,2021 American Community Survey 5-Year Estimates from IPUMS USA.,Uninsured Among All Ages,Race/Ethnicity,American Indian or Alaska Native,1969.0,20.2,
2023,2021.0,Health Insurance,2021 American Community Survey 5-Year Estimates from IPUMS USA.,Uninsured Among All Ages,Race/Ethnicity,Asian,18435.0,4.8,
2023,2021.0,Health Insurance,2021 American Community Survey 5-Year Estimates from IPUMS USA.,Uninsured Among All Ages,Race/Ethnicity,Black or African American,11378.0,7.5,
2023,2021.0,Health Insurance,2021 American Community Survey 5-Year Estimates from IPUMS USA.,Uninsured Among All Ages,Race/Ethnicity,"Hispanic or Latino, of Any Race",149292.0,13.2,
2023,2021.0,Health Insurance,2021 American Community Survey 5-Year Estimates from IPUMS USA.,Uninsured Among All Ages,Race/Ethnicity,Native Hawaiian or Pacific Islander,727.0,6.4,
2023,2021.0,Health Insurance,2021 American Community Survey 5-Year Estimates from IPUMS USA.,Uninsured Among All Ages,Race/Ethnicity,White,58056.0,4.0,
2023,2021.0,Health Insurance,2021 American Community Survey 5-Year Estimates from IPUMS USA.,Uninsured Among All Ages,Race/Ethnicity,Multiracial,9379.0,6.5,
2023,2021.0,Health Insurance,2021 American Community Survey 5-Year Estimates from IPUMS USA.,Uninsured Among All Ages,Race/Ethnicity,Some Other Race,760.0,6.4,
2023,2021.0,Health Insurance,2021 American Community Survey 5-Year Estimates from IPUMS USA.,Uninsured Among All Ages,Sex,Female,107712.0,6.6,
2023,2021.0,Health Insurance,2021 American Community Survey 5-Year Estimates from IPUMS USA.,Uninsured Among All Ages,Sex,Male,142284.0,8.5,
2023,2021.0,Health Insurance,2021 American Community Survey 5-Year Estimates from IPUMS USA.,Uninsured Among All Ages,Disability Status,With Reported Disability,14183.0,4.3,
2023,2021.0,Health Insurance,2021 American Community Survey 5-Year Estimates from IPUMS USA.,Uninsured Among All Ages,Disability Status,Without Reported Disability,235813.0,7.9,
2023,2021.0,Health Insurance,2021 American Community Survey 5-Year Estimates from IPUMS USA.,Uninsured Among All Ages,Immigrant Status,Immigrant,109756.0,13.4,
2023,2021.0,Health Insurance,2021 American Community Survey 5-Year Estimates from IPUMS USA.,Uninsured Among All Ages,Immigrant Status,Non-Immigrant,140240.0,5.7,
2023,2021.0,Health Insurance,2021 American Community Survey 5-Year Estimates from IPUMS USA.,Uninsured Among All Ages,Total,Total,249996.0,7.6,
2023,2021.0,Health Insurance,2021 American Community Survey 5-Year Estimates from IPUMS USA.,Insured Among Ages 16 and Older In Labor Force and Employed,Race/Ethnicity,American Indian or Alaska Native,4247.0,90.3,
2023,2021.0,Health Insurance,2021 American Community Survey 5-Year Estimates from IPUMS USA.,Insured Among Ages 16 and Older In Labor Force and Employed,Race/Ethnicity,Asian,193712.0,95.9,
2023,2021.0,Health Insurance,2021 American Community Survey 5-Year Estimates from IPUMS USA.,Insured Among Ages 16 and Older In Labor Force and Employed,Race/Ethnicity,Black or African American,69779.0,94.0,
2023,2021.0,Health Insurance,2021 American Community Survey 5-Year Estimates from IPUMS USA.,Insured Among Ages 16 and Older In Labor Force and Employed,Race/Ethnicity,"Hispanic or Latino, of Any Race",452386.0,83.7,
2023,2021.0,Health Insurance,2021 American Community Survey 5-Year Estimates from IPUMS USA.,Insured Among Ages 16 and Older In Labor Force and Employed,Race/Ethnicity,Native Hawaiian or Pacific Islander,6202.0,92.4,
2023,2021.0,Health Insurance,2021 American Community Survey 5-Year Estimates from IPUMS USA.,Insured Among Ages 16 and Older In Labor Force and Employed,Race/Ethnicity,White,728587.0,95.8,
2023,2021.0,Health Insurance,2021 American Community Survey 5-Year Estimates from IPUMS USA.,Insured Among Ages 16 and Older In Labor Force and Employed,Race/Ethnicity,Multiracial,55322.0,92.9,
2023,2021.0,Health Insurance,2021 American Community Survey 5-Year Estimates from IPUMS USA.,Insured Among Ages 16 and Older In Labor Force and Employed,Race/Ethnicity,Some Other Race,5322.0,91.7,
2023,2021.0,Health Insurance,2021 American Community Survey 5-Year Estimates from IPUMS USA.,Insured Among Ages 16 and Older In Labor Force and Employed,Sex,Female,686695.0,93.1,
2023,2021.0,Health Insurance,2021 American Community Survey 5-Year Estimates from IPUMS USA.,Insured Among Ages 16 and Older In Labor Force and Employed,Sex,Male,828862.0,90.4,
2023,2021.0,Health Insurance,2021 American Community Survey 5-Year Estimates from IPUMS USA.,Insured Among Ages 16 and Older In Labor Force and Employed,Disability Status,With Reported Disability,67521.0,93.4,
2023,2021.0,Health Insurance,2021 American Community Survey 5-Year Estimates from IPUMS USA.,Insured Among Ages 16 and Older In Labor Force and Employed,Disability Status,Without Reported Disability,1448036.0,91.5,
2023,2021.0,Health Insurance,2021 American Community Survey 5-Year Estimates from IPUMS USA.,Insured Among Ages 16 and Older In Labor Force and Employed,Immigrant Status,Immigrant,409126.0,85.8,
2023,2021.0,Health Insurance,2021 American Community Survey 5-Year Estimates from IPUMS USA.,Insured Among Ages 16 and Older In Labor Force and Employed,Immigrant Status,Non-Immigrant,1106431.0,94.0,
2023,2021.0,Health Insurance,2021 American Community Survey 5-Year Estimates from IPUMS USA.,Insured Among Ages 16 and Older In Labor Force and Employed,Total,Total,1515557.0,91.6,
2023,2021.0,Health Insurance,2021 American Community Survey 5-Year Estimates from IPUMS USA.,Uninsured Among Ages 16 and Older In Labor Force and Employed,Race/Ethnicity,American Indian or Alaska Native,457.0,9.7,
2023,2021.0,Health Insurance,2021 American Community Survey 5-Year Estimates from IPUMS USA.,Uninsured Among Ages 16 and Older In Labor Force and Employed,Race/Ethnicity,Asian,8385.0,4.1,
2023,2021.0,Health Insurance,2021 American Community Survey 5-Year Estimates from IPUMS USA.,Uninsured Among Ages 16 and Older In Labor Force and Employed,Race/Ethnicity,Black or African American,4460.0,6.0,
2023,2021.0,Health Insurance,2021 American Community Survey 5-Year Estimates from IPUMS USA.,Uninsured Among Ages 16 and Older In Labor Force and Employed,Race/Ethnicity,"Hispanic or Latino, of Any Race",88419.0,16.3,
2023,2021.0,Health Insurance,2021 American Community Survey 5-Year Estimates from IPUMS USA.,Uninsured Among Ages 16 and Older In Labor Force and Employed,Race/Ethnicity,Native Hawaiian or Pacific Islander,507.0,7.6,
2023,2021.0,Health Insurance,2021 American Community Survey 5-Year Estimates from IPUMS USA.,Uninsured Among Ages 16 and Older In Labor Force and Employed,Race/Ethnicity,White,31705.0,4.2,
2023,2021.0,Health Insurance,2021 American Community Survey 5-Year Estimates from IPUMS USA.,Uninsured Among Ages 16 and Older In Labor Force and Employed,Race/Ethnicity,Multiracial,4259.0,7.1,
2023,2021.0,Health Insurance,2021 American Community Survey 5-Year Estimates from IPUMS USA.,Uninsured Among Ages 16 and Older In Labor Force and Employed,Race/Ethnicity,Some Other Race,481.0,8.3,
2023,2021.0,Health Insurance,2021 American Community Survey 5-Year Estimates from IPUMS USA.,Uninsured Among Ages 16 and Older In Labor Force and Employed,Sex,Female,51072.0,6.9,
2023,2021.0,Health Insurance,2021 American Community Survey 5-Year Estimates from IPUMS USA.,Uninsured Among Ages 16 and Older In Labor Force and Employed,Sex,Male,87601.0,9.6,
2023,2021.0,Health Insurance,2021 American Community Survey 5-Year Estimates from IPUMS USA.,Uninsured Among Ages 16 and Older In Labor Force and Employed,Disability Status,With Reported Disability,4793.0,6.6,
2023,2021.0,Health Insurance,2021 American Community Survey 5-Year Estimates from IPUMS USA.,Uninsured Among Ages 16 and Older In Labor Force and Employed,Disability Status,Without Reported Disability,133880.0,8.5,
2023,2021.0,Health Insurance,2021 American Community Survey 5-Year Estimates from IPUMS USA.,Uninsured Among Ages 16 and Older In Labor Force and Employed,Immigrant Status,Immigrant,67893.0,14.2,
2023,2021.0,Health Insurance,2021 American Community Survey 5-Year Estimates from IPUMS USA.,Uninsured Among Ages 16 and Older In Labor Force and Employed,Immigrant Status,Non-Immigrant,70780.0,6.0,
2023,2021.0,Health Insurance,2021 American Community Survey 5-Year Estimates from IPUMS USA.,Uninsured Among Ages 16 and Older In Labor Force and Employed,Total,Total,138673.0,8.4,
2023,2021.0,Health Insurance,2021 American Community Survey 5-year Estimates from IPUMS USA.,Types of Health Insurance Coverage,Private,Has insurance through employer/union,1757818.0,53.3,
2023,2021.0,Health Insurance,2021 American Community Survey 5-year Estimates from IPUMS USA.,Types of Health Insurance Coverage,Private,Has insurance purchased directly,400367.0,12.1,
2023,2021.0,Health Insurance,2021 American Community Survey 5-year Estimates from IPUMS USA.,Types of Health Insurance Coverage,Private,Has insurance through TRICARE,291991.0,8.9,
2023,2021.0,Health Insurance,2021 American Community Survey 5-year Estimates from IPUMS USA.,Types of Health Insurance Coverage,Public,Has insurance through Medicaid,657663.0,20.0,
2023,2021.0,Health Insurance,2021 American Community Survey 5-year Estimates from IPUMS USA.,Types of Health Insurance Coverage,Public,Has insurance through Medicare,497838.0,15.1,
2023,2021.0,Health Insurance,2021 American Community Survey 5-year Estimates from IPUMS USA.,Types of Health Insurance Coverage,Public,Has insurance through VA,84990.0,2.6,
2023,2021.0,Health Insurance,2021 American Community Survey 5-year Estimates from IPUMS USA.,Types of Health Insurance Coverage,Other,Has insurance through Indian Health Service,9064.0,0.3,
2023,2021.0,High School Graduates,2021 American Community Survey 5-Year Estimates from IPUMS USA.,Did Not Graduate Among Ages 19 and 20 Years,Race/Ethnicity,American Indian or Alaska Native,5.0,1.9,
2023,2021.0,High School Graduates,2021 American Community Survey 5-Year Estimates from IPUMS USA.,Did Not Graduate Among Ages 19 and 20 Years,Race/Ethnicity,Asian,91.0,0.9,
2023,2021.0,High School Graduates,2021 American Community Survey 5-Year Estimates from IPUMS USA.,Did Not Graduate Among Ages 19 and 20 Years,Race/Ethnicity,Black or African American,522.0,11.4,
2023,2021.0,High School Graduates,2021 American Community Survey 5-Year Estimates from IPUMS USA.,Did Not Graduate Among Ages 19 and 20 Years,Race/Ethnicity,"Hispanic or Latino, of Any Race",3203.0,8.7,
2023,2021.0,High School Graduates,2021 American Community Survey 5-Year Estimates from IPUMS USA.,Did Not Graduate Among Ages 19 and 20 Years,Race/Ethnicity,Native Hawaiian or Pacific Islander,17.0,3.6,
2023,2021.0,High School Graduates,2021 American Community Survey 5-Year Estimates from IPUMS USA.,Did Not Graduate Among Ages 19 and 20 Years,Race/Ethnicity,White,1340.0,3.8,
2023,2021.0,High School Graduates,2021 American Community Survey 5-Year Estimates from IPUMS USA.,Did Not Graduate Among Ages 19 and 20 Years,Race/Ethnicity,Multiracial,204.0,4.6,
2023,2021.0,High School Graduates,2021 American Community Survey 5-Year Estimates from IPUMS USA.,Did Not Graduate Among Ages 19 and 20 Years,Sex,Female,1879.0,4.6,
2023,2021.0,High School Graduates,2021 American Community Survey 5-Year Estimates from IPUMS USA.,Did Not Graduate Among Ages 19 and 20 Years,Sex,Male,3503.0,6.8,
2023,2021.0,High School Graduates,2021 American Community Survey 5-Year Estimates from IPUMS USA.,Did Not Graduate Among Ages 19 and 20 Years,Disability Status,With Reported Disability,861.0,21.6,
2023,2021.0,High School Graduates,2021 American Community Survey 5-Year Estimates from IPUMS USA.,Did Not Graduate Among Ages 19 and 20 Years,Disability Status,Without Reported Disability,4521.0,5.1,
2023,2021.0,High School Graduates,2021 American Community Survey 5-Year Estimates from IPUMS USA.,Did Not Graduate Among Ages 19 and 20 Years,Immigrant Status,Immigrant,1285.0,10.0,
2023,2021.0,High School Graduates,2021 American Community Survey 5-Year Estimates from IPUMS USA.,Did Not Graduate Among Ages 19 and 20 Years,Immigrant Status,Non-Immigrant,4097.0,5.1,
2023,2021.0,High School Graduates,2021 American Community Survey 5-Year Estimates from IPUMS USA.,Did Not Graduate Among Ages 19 and 20 Years,Total,Total,5382.0,5.8,
2023,2021.0,High School Graduates,2021 American Community Survey 5-Year Estimates from IPUMS USA.,Graduated Among Ages 19 and 20 Years,Race/Ethnicity,American Indian or Alaska Native,252.0,98.1,
2023,2021.0,High School Graduates,2021 American Community Survey 5-Year Estimates from IPUMS USA.,Graduated Among Ages 19 and 20 Years,Race/Ethnicity,Asian,9863.0,99.1,
2023,2021.0,High School Graduates,2021 American Community Survey 5-Year Estimates from IPUMS USA.,Graduated Among Ages 19 and 20 Years,Race/Ethnicity,Black or African American,4074.0,88.6,
2023,2021.0,High School Graduates,2021 American Community Survey 5-Year Estimates from IPUMS USA.,Graduated Among Ages 19 and 20 Years,Race/Ethnicity,"Hispanic or Latino, of Any Race",33678.0,91.3,
2023,2021.0,High School Graduates,2021 American Community Survey 5-Year Estimates from IPUMS USA.,Graduated Among Ages 19 and 20 Years,Race/Ethnicity,Native Hawaiian or Pacific Islander,459.0,96.4,
2023,2021.0,High School Graduates,2021 American Community Survey 5-Year Estimates from IPUMS USA.,Graduated Among Ages 19 and 20 Years,Race/Ethnicity,White,34297.0,96.2,
2023,2021.0,High School Graduates,2021 American Community Survey 5-Year Estimates from IPUMS USA.,Graduated Among Ages 19 and 20 Years,Race/Ethnicity,Multiracial,4199.0,95.4,
2023,2021.0,High School Graduates,2021 American Community Survey 5-Year Estimates from IPUMS USA.,Graduated Among Ages 19 and 20 Years,Race/Ethnicity,Some Other Race,230.0,100.0,
2023,2021.0,High School Graduates,2021 American Community Survey 5-Year Estimates from IPUMS USA.,Graduated Among Ages 19 and 20 Years,Sex,Female,38909.0,95.4,
2023,2021.0,High School Graduates,2021 American Community Survey 5-Year Estimates from IPUMS USA.,Graduated Among Ages 19 and 20 Years,Sex,Male,48143.0,93.2,
2023,2021.0,High School Graduates,2021 American Community Survey 5-Year Estimates from IPUMS USA.,Graduated Among Ages 19 and 20 Years,Disability Status,With Reported Disability,3123.0,78.4,
2023,2021.0,High School Graduates,2021 American Community Survey 5-Year Estimates from IPUMS USA.,Graduated Among Ages 19 and 20 Years,Disability Status,Without Reported Disability,83929.0,94.9,
2023,2021.0,High School Graduates,2021 American Community Survey 5-Year Estimates from IPUMS USA.,Graduated Among Ages 19 and 20 Years,Immigrant Status,Immigrant,11519.0,90.0,
2023,2021.0,High School Graduates,2021 American Community Survey 5-Year Estimates from IPUMS USA.,Graduated Among Ages 19 and 20 Years,Immigrant Status,Non-Immigrant,75533.0,94.9,
2023,2021.0,High School Graduates,2021 American Community Survey 5-Year Estimates from IPUMS USA.,Graduated Among Ages 19 and 20 Years,Total,Total,87052.0,94.2,
2023,2021.0,Internet Access,2021 American Community Survey 5-Year Estimates from IPUMS USA.,Residents With High-Speed Internet,Race/Ethnicity,American Indian or Alaska Native,8427.0,86.5,
2023,2021.0,Internet Access,2021 American Community Survey 5-Year Estimates from IPUMS USA.,Residents With High-Speed Internet,Race/Ethnicity,Asian,347676.0,91.4,
2023,2021.0,Internet Access,2021 American Community Survey 5-Year Estimates from IPUMS USA.,Residents With High-Speed Internet,Race/Ethnicity,Black or African American,129931.0,86.1,
2023,2021.0,Internet Access,2021 American Community Survey 5-Year Estimates from IPUMS USA.,Residents With High-Speed Internet,Race/Ethnicity,"Hispanic or Latino, of Any Race",969472.0,85.7,
2023,2021.0,Internet Access,2021 American Community Survey 5-Year Estimates from IPUMS USA.,Residents With High-Speed Internet,Race/Ethnicity,Native Hawaiian or Pacific Islander,9424.0,82.4,
2023,2021.0,Internet Access,2021 American Community Survey 5-Year Estimates from IPUMS USA.,Residents With High-Speed Internet,Race/Ethnicity,White,1325161.0,91.0,
2023,2021.0,Internet Access,2021 American Community Survey 5-Year Estimates from IPUMS USA.,Residents With High-Speed Internet,Race/Ethnicity,Multiracial,133084.0,92.1,
2023,2021.0,Internet Access,2021 American Community Survey 5-Year Estimates from IPUMS USA.,Residents With High-Speed Internet,Race/Ethnicity,Some Other Race,10372.0,87.5,
2023,2021.0,Internet Access,2021 American Community Survey 5-Year Estimates from IPUMS USA.,Residents With High-Speed Internet,Sex,Female,1440404.0,88.5,
2023,2021.0,Internet Access,2021 American Community Survey 5-Year Estimates from IPUMS USA.,Residents With High-Speed Internet,Sex,Male,1493143.0,89.5,
2023,2021.0,Internet Access,2021 American Community Survey 5-Year Estimates from IPUMS USA.,Residents With High-Speed Internet,Disability Status,With Reported Disability,287789.0,87.0,
2023,2021.0,Internet Access,2021 American Community Survey 5-Year Estimates from IPUMS USA.,Residents With High-Speed Internet,Disability Status,Without Reported Disability,2645758.0,89.2,
2023,2021.0,Internet Access,2021 American Community Survey 5-Year Estimates from IPUMS USA.,Residents With High-Speed Internet,Immigrant Status,Immigrant,708111.0,86.3,
2023,2021.0,Internet Access,2021 American Community Survey 5-Year Estimates from IPUMS USA.,Residents With High-Speed Internet,Immigrant Status,Non-Immigrant,2225436.0,89.9,
2023,2021.0,Internet Access,2021 American Community Survey 5-Year Estimates from IPUMS USA.,Residents With High-Speed Internet,Total,Total,2933547.0,89.0,
2023,2021.0,Internet Access,2021 American Community Survey 5-Year Estimates from IPUMS USA.,Residents Without High-Speed Internet,Race/Ethnicity,American Indian or Alaska Native,1310.0,13.5,
2023,2021.0,Internet Access,2021 American Community Survey 5-Year Estimates from IPUMS USA.,Residents Without High-Speed Internet,Race/Ethnicity,Asian,32884.0,8.6,
2023,2021.0,Internet Access,2021 American Community Survey 5-Year Estimates from IPUMS USA.,Residents Without High-Speed Internet,Race/Ethnicity,Black or African American,20975.0,13.9,
2023,2021.0,Internet Access,2021 American Community Survey 5-Year Estimates from IPUMS USA.,Residents Without High-Speed Internet,Race/Ethnicity,"Hispanic or Latino, of Any Race",162034.0,14.3,
2023,2021.0,Internet Access,2021 American Community Survey 5-Year Estimates from IPUMS USA.,Residents Without High-Speed Internet,Race/Ethnicity,Native Hawaiian or Pacific Islander,2019.0,17.6,
2023,2021.0,Internet Access,2021 American Community Survey 5-Year Estimates from IPUMS USA.,Residents Without High-Speed Internet,Race/Ethnicity,White,131199.0,9.0,
2023,2021.0,Internet Access,2021 American Community Survey 5-Year Estimates from IPUMS USA.,Residents Without High-Speed Internet,Race/Ethnicity,Multiracial,11446.0,7.9,
2023,2021.0,Internet Access,2021 American Community Survey 5-Year Estimates from IPUMS USA.,Residents Without High-Speed Internet,Race/Ethnicity,Some Other Race,1483.0,12.5,
2023,2021.0,Internet Access,2021 American Community Survey 5-Year Estimates from IPUMS USA.,Residents Without High-Speed Internet,Sex,Female,187457.0,11.5,
2023,2021.0,Internet Access,2021 American Community Survey 5-Year Estimates from IPUMS USA.,Residents Without High-Speed Internet,Sex,Male,175893.0,10.5,
2023,2021.0,Internet Access,2021 American Community Survey 5-Year Estimates from IPUMS USA.,Residents Without High-Speed Internet,Disability Status,With Reported Disability,42818.0,13.0,
2023,2021.0,Internet Access,2021 American Community Survey 5-Year Estimates from IPUMS USA.,Residents Without High-Speed Internet,Disability Status,Without Reported Disability,320532.0,10.8,
2023,2021.0,Internet Access,2021 American Community Survey 5-Year Estimates from IPUMS USA.,Residents Without High-Speed Internet,Immigrant Status,Immigrant,112316.0,13.7,
2023,2021.0,Internet Access,2021 American Community Survey 5-Year Estimates from IPUMS USA.,Residents Without High-Speed Internet,Immigrant Status,Non-Immigrant,251034.0,10.1,
2023,2021.0,Internet Access,2021 American Community Survey 5-Year Estimates from IPUMS USA.,Residents Without High-Speed Internet,Total,Total,363350.0,11.0,
2025,,English Language Learners,California Department of Education.,"07: 7th Grade (n=5,422)",ELL Level,Level 2,,23.6,
2023,2021.0,Poverty,2021 American Community Survey 5-Year Estimates from IPUMS USA.,Below 200% of the Federal Poverty Level for Residents Whom Poverty Status Can Be Determined,Disability Status,With Reported Disability,102074.0,32.8,
2023,2021.0,Poverty,2021 American Community Survey 5-Year Estimates from IPUMS USA.,Below 200% of the Federal Poverty Level for Residents Whom Poverty Status Can Be Determined,Disability Status,Without Reported Disability,658062.0,22.8,
2023,2021.0,Poverty,2021 American Community Survey 5-Year Estimates from IPUMS USA.,Below 200% of the Federal Poverty Level for Residents Whom Poverty Status Can Be Determined,Immigrant Status,Immigrant,244253.0,30.1,
2023,2021.0,Poverty,2021 American Community Survey 5-Year Estimates from IPUMS USA.,Below 200% of the Federal Poverty Level for Residents Whom Poverty Status Can Be Determined,Immigrant Status,Non-Immigrant,515883.0,21.6,
2023,2021.0,Poverty,2021 American Community Survey 5-Year Estimates from IPUMS USA.,Below 200% of the Federal Poverty Level for Residents Whom Poverty Status Can Be Determined,Race/Ethnicity,American Indian or Alaska Native,2027.0,22.6,
2023,2021.0,Poverty,2021 American Community Survey 5-Year Estimates from IPUMS USA.,Below 200% of the Federal Poverty Level for Residents Whom Poverty Status Can Be Determined,Race/Ethnicity,Asian,68537.0,18.3,
2023,2021.0,Poverty,2021 American Community Survey 5-Year Estimates from IPUMS USA.,Below 200% of the Federal Poverty Level for Residents Whom Poverty Status Can Be Determined,Race/Ethnicity,Black or African American,49196.0,35.5,
2023,2021.0,Poverty,2021 American Community Survey 5-Year Estimates from IPUMS USA.,Below 200% of the Federal Poverty Level for Residents Whom Poverty Status Can Be Determined,Race/Ethnicity,"Hispanic or Latino, of Any Race",382656.0,34.6,
2023,2021.0,Poverty,2021 American Community Survey 5-Year Estimates from IPUMS USA.,Below 200% of the Federal Poverty Level for Residents Whom Poverty Status Can Be Determined,Race/Ethnicity,Multiracial,24467.0,17.2,
2023,2021.0,Poverty,2021 American Community Survey 5-Year Estimates from IPUMS USA.,Below 200% of the Federal Poverty Level for Residents Whom Poverty Status Can Be Determined,Race/Ethnicity,Native Hawaiian or Pacific Islander,2913.0,26.6,
2023,2021.0,Poverty,2021 American Community Survey 5-Year Estimates from IPUMS USA.,Below 200% of the Federal Poverty Level for Residents Whom Poverty Status Can Be Determined,Race/Ethnicity,Some Other Race,3025.0,26.1,
2023,2021.0,Poverty,2021 American Community Survey 5-Year Estimates from IPUMS USA.,Below 200% of the Federal Poverty Level for Residents Whom Poverty Status Can Be Determined,Race/Ethnicity,White,227315.0,16.1,
2023,2021.0,Poverty,2021 American Community Survey 5-Year Estimates from IPUMS USA.,Below 200% of the Federal Poverty Level for Residents Whom Poverty Status Can Be Determined,Sex,Female,400430.0,25.0,
2023,2021.0,Poverty,2021 American Community Survey 5-Year Estimates from IPUMS USA.,Below 200% of the Federal Poverty Level for Residents Whom Poverty Status Can Be Determined,Sex,Male,359706.0,22.5,
2023,2021.0,Poverty,2021 American Community Survey 5-Year Estimates from IPUMS USA.,Below 200% of the Federal Poverty Level for Residents Whom Poverty Status Can Be Determined,Total,Total,760136.0,23.7,
2023,2021.0,Poverty,2021 American Community Survey 5-Year Estimates from IPUMS USA.,Not Below 200% of the Federal Poverty Level for Residents Whom Poverty Status Can Be Determined,Disability Status,With Reported Disability,209599.0,67.2,
2023,2021.0,Poverty,2021 American Community Survey 5-Year Estimates from IPUMS USA.,Not Below 200% of the Federal Poverty Level for Residents Whom Poverty Status Can Be Determined,Disability Status,Without Reported Disability,2233426.0,77.2,
2023,2021.0,Poverty,2021 American Community Survey 5-Year Estimates from IPUMS USA.,Not Below 200% of the Federal Poverty Level for Residents Whom Poverty Status Can Be Determined,Immigrant Status,Immigrant,566435.0,69.9,
2023,2021.0,Poverty,2021 American Community Survey 5-Year Estimates from IPUMS USA.,Not Below 200% of the Federal Poverty Level for Residents Whom Poverty Status Can Be Determined,Immigrant Status,Non-Immigrant,1876590.0,78.4,
2023,2021.0,Poverty,2021 American Community Survey 5-Year Estimates from IPUMS USA.,Not Below 200% of the Federal Poverty Level for Residents Whom Poverty Status Can Be Determined,Race/Ethnicity,American Indian or Alaska Native,6925.0,77.4,
2023,2021.0,Poverty,2021 American Community Survey 5-Year Estimates from IPUMS USA.,Not Below 200% of the Federal Poverty Level for Residents Whom Poverty Status Can Be Determined,Race/Ethnicity,Asian,306389.0,81.7,
2023,2021.0,Poverty,2021 American Community Survey 5-Year Estimates from IPUMS USA.,Not Below 200% of the Federal Poverty Level for Residents Whom Poverty Status Can Be Determined,Race/Ethnicity,Black or African American,89507.0,64.5,
2023,2021.0,Poverty,2021 American Community Survey 5-Year Estimates from IPUMS USA.,Not Below 200% of the Federal Poverty Level for Residents Whom Poverty Status Can Be Determined,Race/Ethnicity,"Hispanic or Latino, of Any Race",723892.0,65.4,
2023,2021.0,Poverty,2021 American Community Survey 5-Year Estimates from IPUMS USA.,Not Below 200% of the Federal Poverty Level for Residents Whom Poverty Status Can Be Determined,Race/Ethnicity,Multiracial,117836.0,82.8,
2023,2021.0,Poverty,2021 American Community Survey 5-Year Estimates from IPUMS USA.,Not Below 200% of the Federal Poverty Level for Residents Whom Poverty Status Can Be Determined,Race/Ethnicity,Native Hawaiian or Pacific Islander,8023.0,73.4,
2023,2021.0,Poverty,2021 American Community Survey 5-Year Estimates from IPUMS USA.,Not Below 200% of the Federal Poverty Level for Residents Whom Poverty Status Can Be Determined,Race/Ethnicity,Some Other Race,8545.0,73.9,
2023,2021.0,Poverty,2021 American Community Survey 5-Year Estimates from IPUMS USA.,Not Below 200% of the Federal Poverty Level for Residents Whom Poverty Status Can Be Determined,Race/Ethnicity,White,1181908.0,83.9,
2023,2021.0,Poverty,2021 American Community Survey 5-Year Estimates from IPUMS USA.,Not Below 200% of the Federal Poverty Level for Residents Whom Poverty Status Can Be Determined,Sex,Female,1202223.0,75.0,
2023,2021.0,Poverty,2021 American Community Survey 5-Year Estimates from IPUMS USA.,Not Below 200% of the Federal Poverty Level for Residents Whom Poverty Status Can Be Determined,Sex,Male,1240802.0,77.5,
2023,2021.0,Poverty,2021 American Community Survey 5-Year Estimates from IPUMS USA.,Not Below 200% of the Federal Poverty Level for Residents Whom Poverty Status Can Be Determined,Total,Total,2443025.0,76.3,
2023,2021.0,Self-Sufficiency Wage,2021 American Community Survey 5-Year Estimates from IPUMS USA.,Households,Sufficient,No,413299.0,35.7,
2023,2021.0,Self-Sufficiency Wage,2021 American Community Survey 5-Year Estimates from IPUMS USA.,Households,Sufficient,Yes,726356.0,30.3,
2025,,English Language Learners,California Department of Education.,"08: 8th Grade (n=4,860)",ELL Level,Level 2,,21.0,
2025,,English Language Learners,California Department of Education.,"09: 9th Grade (n=5,022)",ELL Level,Level 2,,27.0,
2023,2021.0,Youth Poverty,2021 American Community Survey 5-Year Estimates from IPUMS USA.,Below 200% of the Federal Poverty Level for Residents Whom Poverty Status Can Be Determined,Disability Status,With Reported Disability,8613.0,35.7,
2023,2021.0,Youth Poverty,2021 American Community Survey 5-Year Estimates from IPUMS USA.,Below 200% of the Federal Poverty Level for Residents Whom Poverty Status Can Be Determined,Disability Status,Without Reported Disability,207132.0,30.3,
2023,2021.0,Youth Poverty,2021 American Community Survey 5-Year Estimates from IPUMS USA.,Below 200% of the Federal Poverty Level for Residents Whom Poverty Status Can Be Determined,Immigrant Status,Immigrant,21396.0,44.2,
2023,2021.0,Youth Poverty,2021 American Community Survey 5-Year Estimates from IPUMS USA.,Below 200% of the Federal Poverty Level for Residents Whom Poverty Status Can Be Determined,Immigrant Status,Non-Immigrant,194349.0,29.4,
2023,2021.0,Youth Poverty,2021 American Community Survey 5-Year Estimates from IPUMS USA.,Below 200% of the Federal Poverty Level for Residents Whom Poverty Status Can Be Determined,Race/Ethnicity,American Indian or Alaska Native,287.0,18.6,
2023,2021.0,Youth Poverty,2021 American Community Survey 5-Year Estimates from IPUMS USA.,Below 200% of the Federal Poverty Level for Residents Whom Poverty Status Can Be Determined,Race/Ethnicity,Asian,11021.0,17.5,
2023,2021.0,Youth Poverty,2021 American Community Survey 5-Year Estimates from IPUMS USA.,Below 200% of the Federal Poverty Level for Residents Whom Poverty Status Can Be Determined,Race/Ethnicity,Black or African American,13950.0,48.2,
2023,2021.0,Youth Poverty,2021 American Community Survey 5-Year Estimates from IPUMS USA.,Below 200% of the Federal Poverty Level for Residents Whom Poverty Status Can Be Determined,Race/Ethnicity,"Hispanic or Latino, of Any Race",142562.0,43.6,
2023,2021.0,Youth Poverty,2021 American Community Survey 5-Year Estimates from IPUMS USA.,Below 200% of the Federal Poverty Level for Residents Whom Poverty Status Can Be Determined,Race/Ethnicity,Multiracial,8894.0,15.0,
2023,2021.0,Youth Poverty,2021 American Community Survey 5-Year Estimates from IPUMS USA.,Below 200% of the Federal Poverty Level for Residents Whom Poverty Status Can Be Determined,Race/Ethnicity,Native Hawaiian or Pacific Islander,696.0,55.7,
2023,2021.0,Youth Poverty,2021 American Community Survey 5-Year Estimates from IPUMS USA.,Below 200% of the Federal Poverty Level for Residents Whom Poverty Status Can Be Determined,Race/Ethnicity,Some Other Race,803.0,26.1,
2023,2021.0,Youth Poverty,2021 American Community Survey 5-Year Estimates from IPUMS USA.,Below 200% of the Federal Poverty Level for Residents Whom Poverty Status Can Be Determined,Race/Ethnicity,White,37532.0,16.7,
2023,2021.0,Youth Poverty,2021 American Community Survey 5-Year Estimates from IPUMS USA.,Below 200% of the Federal Poverty Level for Residents Whom Poverty Status Can Be Determined,Sex,Female,107188.0,31.0,
2023,2021.0,Youth Poverty,2021 American Community Survey 5-Year Estimates from IPUMS USA.,Below 200% of the Federal Poverty Level for Residents Whom Poverty Status Can Be Determined,Sex,Male,108557.0,29.9,
2023,2021.0,Youth Poverty,2021 American Community Survey 5-Year Estimates from IPUMS USA.,Below 200% of the Federal Poverty Level for Residents Whom Poverty Status Can Be Determined,Total,Total,215745.0,30.5,
2023,2021.0,Youth Poverty,2021 American Community Survey 5-Year Estimates from IPUMS USA.,Not Below 200% of the Federal Poverty Level for Residents Whom Poverty Status Can Be Determined,Disability Status,With Reported Disability,15513.0,64.3,
2023,2021.0,Youth Poverty,2021 American Community Survey 5-Year Estimates from IPUMS USA.,Not Below 200% of the Federal Poverty Level for Residents Whom Poverty Status Can Be Determined,Disability Status,Without Reported Disability,477072.0,69.7,
2023,2021.0,Youth Poverty,2021 American Community Survey 5-Year Estimates from IPUMS USA.,Not Below 200% of the Federal Poverty Level for Residents Whom Poverty Status Can Be Determined,Immigrant Status,Immigrant,26957.0,55.8,
2023,2021.0,Youth Poverty,2021 American Community Survey 5-Year Estimates from IPUMS USA.,Not Below 200% of the Federal Poverty Level for Residents Whom Poverty Status Can Be Determined,Immigrant Status,Non-Immigrant,465628.0,70.6,
2023,2021.0,Youth Poverty,2021 American Community Survey 5-Year Estimates from IPUMS USA.,Not Below 200% of the Federal Poverty Level for Residents Whom Poverty Status Can Be Determined,Race/Ethnicity,American Indian or Alaska Native,1260.0,81.4,
2023,2021.0,Youth Poverty,2021 American Community Survey 5-Year Estimates from IPUMS USA.,Not Below 200% of the Federal Poverty Level for Residents Whom Poverty Status Can Be Determined,Race/Ethnicity,Asian,51960.0,82.5,
2023,2021.0,Youth Poverty,2021 American Community Survey 5-Year Estimates from IPUMS USA.,Not Below 200% of the Federal Poverty Level for Residents Whom Poverty Status Can Be Determined,Race/Ethnicity,Black or African American,15020.0,51.8,
2023,2021.0,Youth Poverty,2021 American Community Survey 5-Year Estimates from IPUMS USA.,Not Below 200% of the Federal Poverty Level for Residents Whom Poverty Status Can Be Determined,Race/Ethnicity,"Hispanic or Latino, of Any Race",184191.0,56.4,
2023,2021.0,Youth Poverty,2021 American Community Survey 5-Year Estimates from IPUMS USA.,Not Below 200% of the Federal Poverty Level for Residents Whom Poverty Status Can Be Determined,Race/Ethnicity,Multiracial,50441.0,85.0,
2023,2021.0,Youth Poverty,2021 American Community Survey 5-Year Estimates from IPUMS USA.,Not Below 200% of the Federal Poverty Level for Residents Whom Poverty Status Can Be Determined,Race/Ethnicity,Native Hawaiian or Pacific Islander,553.0,44.3,
2023,2021.0,Youth Poverty,2021 American Community Survey 5-Year Estimates from IPUMS USA.,Not Below 200% of the Federal Poverty Level for Residents Whom Poverty Status Can Be Determined,Race/Ethnicity,Some Other Race,2276.0,73.9,
2023,2021.0,Youth Poverty,2021 American Community Survey 5-Year Estimates from IPUMS USA.,Not Below 200% of the Federal Poverty Level for Residents Whom Poverty Status Can Be Determined,Race/Ethnicity,White,186884.0,83.3,
2023,2021.0,Youth Poverty,2021 American Community Survey 5-Year Estimates from IPUMS USA.,Not Below 200% of the Federal Poverty Level for Residents Whom Poverty Status Can Be Determined,Sex,Female,238427.0,69.0,
2023,2021.0,Youth Poverty,2021 American Community Survey 5-Year Estimates from IPUMS USA.,Not Below 200% of the Federal Poverty Level for Residents Whom Poverty Status Can Be Determined,Sex,Male,254158.0,70.1,
2023,2021.0,Youth Poverty,2021 American Community Survey 5-Year Estimates from IPUMS USA.,Not Below 200% of the Federal Poverty Level for Residents Whom Poverty Status Can Be Determined,Total,Total,492585.0,69.5,
2025,,English Language Learners,California Department of Education.,"00: Kindergarten (n=10,416)",ELL Level,Level 1,,22.7,
2025,,English Language Learners,California Department of Education.,"01: 1st Grade (n=7,547)",ELL Level,Level 1,,27.3,
2025,,English Language Learners,California Department of Education.,"02: 2nd Grade (n=7,748)",ELL Level,Level 1,,20.6,
2025,,English Language Learners,California Department of Education.,"03: 3rd Grade (n=7,739)",ELL Level,Level 1,,20.7,
2025,,English Language Learners,California Department of Education.,"04: 4th Grade (n=7,284)",ELL Level,Level 1,,16.0,
2025,,English Language Learners,California Department of Education.,"05: 5th Grade (n=6,972)",ELL Level,Level 1,,14.1,
2025,,English Language Learners,California Department of Education.,"06: 6th Grade (n=5,899)",ELL Level,Level 1,,16.2,
2025,,English Language Learners,California Department of Education.,"07: 7th Grade (n=5,422)",ELL Level,Level 1,,17.1,
2025,,English Language Learners,California Department of Education.,"08: 8th Grade (n=4,860)",ELL Level,Level 1,,16.4,
2025,,English Language Learners,California Department of Education.,"09: 9th Grade (n=5,022)",ELL Level,Level 1,,24.1,
2025,,English Language Learners,California Department of Education.,"10: 10th Grade (n=5,050)",ELL Level,Level 1,,23.7,
2025,,English Language Learners,California Department of Education.,"11: 11th Grade (n=4,081)",ELL Level,Level 1,,25.5,
2025,,English Language Learners,California Department of Education.,"12: 12th Grade (n=3,409)",ELL Level,Level 1,,25.5,
2025,,English Language Learners,California Department of Education.,"Overall (N=81,449)",ELL Level,Level 1,,20.6,
2025,,English Language Learners,California Department of Education.,"00: Kindergarten (n=10,416)",ELL Level,Level 2,,32.8,
2025,,English Language Learners,California Department of Education.,"01: 1st Grade (n=7,547)",ELL Level,Level 2,,35.5,
2025,,English Language Learners,California Department of Education.,"02: 2nd Grade (n=7,748)",ELL Level,Level 2,,31.4,
2025,,English Language Learners,California Department of Education.,"03: 3rd Grade (n=7,739)",ELL Level,Level 2,,32.9,
2025,,English Language Learners,California Department of Education.,"04: 4th Grade (n=7,284)",ELL Level,Level 2,,25.9,
2025,,English Language Learners,California Department of Education.,"10: 10th Grade (n=5,050)",ELL Level,Level 2,,23.3,
2025,,English Language Learners,California Department of Education.,"11: 11th Grade (n=4,081)",ELL Level,Level 2,,28.8,
2025,,English Language Learners,California Department of Education.,"12: 12th Grade (n=3,409)",ELL Level,Level 2,,27.2,
2025,,English Language Learners,California Department of Education.,"Overall (N=81,449)",ELL Level,Level 2,,28.3,
2025,,English Language Learners,California Department of Education.,"00: Kindergarten (n=10,416)",ELL Level,Level 3,,29.3,
2025,,English Language Learners,California Department of Education.,"01: 1st Grade (n=7,547)",ELL Level,Level 3,,30.4,
2025,,English Language Learners,California Department of Education.,"02: 2nd Grade (n=7,748)",ELL Level,Level 3,,38.4,
2025,,English Language Learners,California Department of Education.,"03: 3rd Grade (n=7,739)",ELL Level,Level 3,,33.8,
2025,,English Language Learners,California Department of Education.,"04: 4th Grade (n=7,284)",ELL Level,Level 3,,38.9,
2025,,English Language Learners,California Department of Education.,"05: 5th Grade (n=6,972)",ELL Level,Level 3,,36.1,
2025,,English Language Learners,California Department of Education.,"06: 6th Grade (n=5,899)",ELL Level,Level 3,,38.4,
2025,,English Language Learners,California Department of Education.,"07: 7th Grade (n=5,422)",ELL Level,Level 3,,32.3,
2025,,English Language Learners,California Department of Education.,"08: 8th Grade (n=4,860)",ELL Level,Level 3,,35.6,
2025,,English Language Learners,California Department of Education.,"09: 9th Grade (n=5,022)",ELL Level,Level 3,,34.2,
2025,,English Language Learners,California Department of Education.,"10: 10th Grade (n=5,050)",ELL Level,Level 3,,32.7,
2025,,English Language Learners,California Department of Education.,"11: 11th Grade (n=4,081)",ELL Level,Level 3,,31.3,
2025,,English Language Learners,California Department of Education.,"12: 12th Grade (n=3,409)",ELL Level,Level 3,,30.9,
2025,,English Language Learners,California Department of Education.,"Overall (N=81,449)",ELL Level,Level 3,,34.1,
2025,,English Language Learners,California Department of Education.,"00: Kindergarten (n=10,416)",ELL Level,Level 4,,15.1,
2025,,English Language Learners,California Department of Education.,"01: 1st Grade (n=7,547)",ELL Level,Level 4,,6.8,
2025,,English Language Learners,California Department of Education.,"02: 2nd Grade (n=7,748)",ELL Level,Level 4,,9.6,
2025,,English Language Learners,California Department of Education.,"03: 3rd Grade (n=7,739)",ELL Level,Level 4,,12.6,
2025,,English Language Learners,California Department of Education.,"04: 4th Grade (n=7,284)",ELL Level,Level 4,,19.3,
2025,,English Language Learners,California Department of Education.,"05: 5th Grade (n=6,972)",ELL Level,Level 4,,24.9,
2025,,English Language Learners,California Department of Education.,"06: 6th Grade (n=5,899)",ELL Level,Level 4,,21.8,
2025,,English Language Learners,California Department of Education.,"07: 7th Grade (n=5,422)",ELL Level,Level 4,,27.0,
2025,,English Language Learners,California Department of Education.,"08: 8th Grade (n=4,860)",ELL Level,Level 4,,27.0,
2025,,English Language Learners,California Department of Education.,"09: 9th Grade (n=5,022)",ELL Level,Level 4,,14.8,
2025,,English Language Learners,California Department of Education.,"10: 10th Grade (n=5,050)",ELL Level,Level 4,,20.4,
2025,,English Language Learners,California Department of Education.,"11: 11th Grade (n=4,081)",ELL Level,Level 4,,14.4,
2025,,English Language Learners,California Department of Education.,"12: 12th Grade (n=3,409)",ELL Level,Level 4,,16.4,
2025,,English Language Learners,California Department of Education.,"Overall (N=81,449)",ELL Level,Level 4,,17.1,
2025,2020.0,Business Ownership,2020 American Community Survey 5-year Estimates,Population,Race/Ethnicity,Multiracial,131221.0,3.9,
2025,2020.0,Business Ownership,2020 American Community Survey 5-year Estimates,Population,Race/Ethnicity,Some Other Race,7871.0,0.2,
2025,2020.0,Business Ownership,2020 American Community Survey 5-year Estimates,Population,Minority_Nonminority,Nonminority,1492165.0,44.9,
2025,2020.0,Business Ownership,2020 American Community Survey 5-year Estimates,Population,Minority_Nonminority,Minority,1831805.0,55.1,
2025,2020.0,Business Ownership,2020 American Community Survey 5-year Estimates,Population,Sex,Female,1649458.0,49.6,
2025,2020.0,Business Ownership,2020 American Community Survey 5-year Estimates,Population,Sex,Male,1674512.0,50.4,
2025,2020.0,Business Ownership,2020 American Community Survey 5-year Estimates,Population,Total,Total,3323970.0,100.0,
2025,2020.0,Business Ownership,2021 Annual Business Survey,Employer Businesses,Race/Ethnicity,"American Indian or Alaska Native, Non-Hispanic",345.0,0.5,
2025,2020.0,Business Ownership,2021 Annual Business Survey,Employer Businesses,Race/Ethnicity,"Asian, Non-Hispanic",9574.0,13.2,
2025,2020.0,Business Ownership,2021 Annual Business Survey,Employer Businesses,Race/Ethnicity,"Black or African American, Non-Hispanic",1026.0,1.4,
2025,2020.0,Business Ownership,2021 Annual Business Survey,Employer Businesses,Race/Ethnicity,"Hispanic or Latino, of Any Race",8853.0,12.2,
2025,2020.0,Business Ownership,2021 Annual Business Survey,Employer Businesses,Race/Ethnicity,Equally Hispanic/Non-Hispanic,1550.0,2.1,
2025,2020.0,Business Ownership,2021 Annual Business Survey,Employer Businesses,Race/Ethnicity,"White, Non-Hispanic",47489.0,65.3,
2025,2020.0,Business Ownership,2021 Annual Business Survey,Employer Businesses,Minority_Nonminority,Minority,20317.0,28.0,
2025,2020.0,Business Ownership,2021 Annual Business Survey,Employer Businesses,Minority_Nonminority,Nonminority,46264.0,63.6,
2025,2020.0,Business Ownership,2021 Annual Business Survey,Employer Businesses,Minority_Nonminority,Equally Minority/Nonminority,2025.0,2.8,
2025,2020.0,Business Ownership,2021 Annual Business Survey,Employer Businesses,Unclassifiable,Unclassifiable,4081.0,5.6,
2025,2020.0,Business Ownership,2021 Annual Business Survey,Employer Businesses,Sex,Female,16529.0,22.7,
2025,2020.0,Business Ownership,2021 Annual Business Survey,Employer Businesses,Sex,Male,41545.0,57.2,
2025,2020.0,Business Ownership,2021 Annual Business Survey,Employer Businesses,Sex,Equally Female/Male Owned,10532.0,14.5,
2025,2020.0,Business Ownership,2021 Annual Business Survey,Employer Businesses,Total,Total,72686.0,100.0,
2025,2020.0,Business Ownership,2021 Nonemployer Statistics by Demographics series,Nonemployer Businesses,Race/Ethnicity,"American Indian or Alaska Native, Non-Hispanic",2100.0,0.7,
2025,2020.0,Business Ownership,2021 Nonemployer Statistics by Demographics series,Nonemployer Businesses,Race/Ethnicity,"Asian, Non-Hispanic",36000.0,12.3,
2025,2020.0,Business Ownership,2021 Nonemployer Statistics by Demographics series,Nonemployer Businesses,Race/Ethnicity,"Native Hawaiian or Pacific Islander, Non-Hispanic",1600.0,0.5,
2025,2020.0,Business Ownership,2021 Nonemployer Statistics by Demographics series,Nonemployer Businesses,Race/Ethnicity,"Black or African American, Non-Hispanic",15000.0,5.1,
2025,2020.0,Business Ownership,2021 Nonemployer Statistics by Demographics series,Nonemployer Businesses,Race/Ethnicity,"Hispanic or Latino, of Any Race",78000.0,26.7,
2025,2020.0,Business Ownership,2021 Nonemployer Statistics by Demographics series,Nonemployer Businesses,Race/Ethnicity,Equally Hispanic/Non-Hispanic,750.0,0.3,
2025,2020.0,Business Ownership,2021 Nonemployer Statistics by Demographics series,Nonemployer Businesses,Race/Ethnicity,"White, Non-Hispanic",158000.0,54.1,
2025,2020.0,Business Ownership,2021 Nonemployer Statistics by Demographics series,Nonemployer Businesses,Minority_Nonminority,Minority,131000.0,44.9,
2025,2020.0,Business Ownership,2021 Nonemployer Statistics by Demographics series,Nonemployer Businesses,Unclassifiable,Unclassifiable,7000.0,2.4,
2025,2020.0,Business Ownership,2021 Nonemployer Statistics by Demographics series,Nonemployer Businesses,Sex,Female,123000.0,42.1,
2025,2020.0,Business Ownership,2021 Nonemployer Statistics by Demographics series,Nonemployer Businesses,Sex,Male,157000.0,53.8,
2025,2020.0,Business Ownership,2021 Nonemployer Statistics by Demographics series,Nonemployer Businesses,Sex,Equally Female/Male Owned,4600.0,1.6,
2025,2020.0,Business Ownership,2021 Nonemployer Statistics by Demographics series,Nonemployer Businesses,Total,Total,292000.0,100.0,
2025,2022.0,Cost-Burdened Households,2022 American Community Survey 5-Year Estimates from IPUMS USA.,Cost-Burdened People in Households,Sex,Male,319013.0,19.9,
2025,2022.0,Cost-Burdened Households,2022 American Community Survey 5-Year Estimates from IPUMS USA.,Cost-Burdened People in Households,Race/Ethnicity,American Indian or Alaska Native,836.0,10.6,
2025,2022.0,Cost-Burdened Households,2022 American Community Survey 5-Year Estimates from IPUMS USA.,Extremely Cost-Burdened People in Households,Race/Ethnicity,American Indian or Alaska Native,851.0,10.8,
2025,2022.0,Cost-Burdened Households,2022 American Community Survey 5-Year Estimates from IPUMS USA.,Not Cost-Burdened People in Households,Race/Ethnicity,American Indian or Alaska Native,6180.0,78.6,
2025,2022.0,Cost-Burdened Households,2022 American Community Survey 5-Year Estimates from IPUMS USA.,Extremely Cost-Burdened People in Households,Race/Ethnicity,Asian,53071.0,14.2,
2025,2022.0,Cost-Burdened Households,2022 American Community Survey 5-Year Estimates from IPUMS USA.,Extremely Cost-Burdened People in Households,Race/Ethnicity,White,213258.0,15.4,
2025,2022.0,Cost-Burdened Households,2022 American Community Survey 5-Year Estimates from IPUMS USA.,Not Cost-Burdened People in Households,Race/Ethnicity,Asian,258337.0,69.0,
2025,2022.0,Cost-Burdened Households,2022 American Community Survey 5-Year Estimates from IPUMS USA.,Extremely Cost-Burdened People in Households,Race/Ethnicity,Multiracial,25063.0,16.4,
2025,2022.0,Cost-Burdened Households,2022 American Community Survey 5-Year Estimates from IPUMS USA.,Extremely Cost-Burdened People in Households,Sex,Male,265257.0,16.6,
2025,2022.0,Cost-Burdened Households,2022 American Community Survey 5-Year Estimates from IPUMS USA.,Not Cost-Burdened People in Households,Race/Ethnicity,Black or African American,63472.0,46.6,
2025,2022.0,Cost-Burdened Households,2022 American Community Survey 5-Year Estimates from IPUMS USA.,Extremely Cost-Burdened People in Households,Nativity Status,U.S.-born,400547.0,16.7,
2025,2022.0,Cost-Burdened Households,2022 American Community Survey 5-Year Estimates from IPUMS USA.,Cost-Burdened People in Households,Race/Ethnicity,Asian,62938.0,16.8,
2025,2022.0,Cost-Burdened Households,2022 American Community Survey 5-Year Estimates from IPUMS USA.,Not Cost-Burdened People in Households,Sex,Female,969840.0,61.0,
2025,2022.0,Cost-Burdened Households,2022 American Community Survey 5-Year Estimates from IPUMS USA.,Extremely Cost-Burdened People in Households,Disability Status,Without Reported Disability,484543.0,16.9,
2025,2022.0,Cost-Burdened Households,2022 American Community Survey 5-Year Estimates from IPUMS USA.,Extremely Cost-Burdened People in Households,Total,Total,560522.0,17.6,
2025,2022.0,Cost-Burdened Households,2022 American Community Survey 5-Year Estimates from IPUMS USA.,Not Cost-Burdened People in Households,Race/Ethnicity,Hispanic or Latino,621790.0,56.1,
2025,2022.0,Cost-Burdened Households,2022 American Community Survey 5-Year Estimates from IPUMS USA.,Cost-Burdened People in Households,Race/Ethnicity,White,250793.0,18.1,
2025,2022.0,Cost-Burdened Households,2022 American Community Survey 5-Year Estimates from IPUMS USA.,Cost-Burdened People in Households,Race/Ethnicity,Multiracial,28422.0,18.5,
2025,2022.0,Cost-Burdened Households,2022 American Community Survey 5-Year Estimates from IPUMS USA.,Not Cost-Burdened People in Households,Nativity Status,Foreign-born,474480.0,59.4,
2025,2022.0,Cost-Burdened Households,2022 American Community Survey 5-Year Estimates from IPUMS USA.,Extremely Cost-Burdened People in Households,Sex,Female,295265.0,18.6,
2025,2022.0,Cost-Burdened Households,2022 American Community Survey 5-Year Estimates from IPUMS USA.,Cost-Burdened People in Households,Disability Status,With Reported Disability,61689.0,19.2,
2025,2022.0,Cost-Burdened Households,2022 American Community Survey 5-Year Estimates from IPUMS USA.,Not Cost-Burdened People in Households,Sex,Male,1015277.0,63.5,
2025,2022.0,Cost-Burdened Households,2022 American Community Survey 5-Year Estimates from IPUMS USA.,Extremely Cost-Burdened People in Households,Race/Ethnicity,Some Other Race,2708.0,19.7,
2025,2022.0,Cost-Burdened Households,2022 American Community Survey 5-Year Estimates from IPUMS USA.,Not Cost-Burdened People in Households,Race/Ethnicity,Multiracial,99736.0,65.1,
2025,2022.0,Cost-Burdened Households,2022 American Community Survey 5-Year Estimates from IPUMS USA.,Extremely Cost-Burdened People in Households,Nativity Status,Foreign-born,159975.0,20.0,
2025,2022.0,Cost-Burdened Households,2022 American Community Survey 5-Year Estimates from IPUMS USA.,Cost-Burdened People in Households,Nativity Status,U.S.-born,480170.0,20.1,
2025,2022.0,Cost-Burdened Households,2022 American Community Survey 5-Year Estimates from IPUMS USA.,Not Cost-Burdened People in Households,Race/Ethnicity,Native Hawaiian or Pacific Islander,6297.0,57.6,
2025,2022.0,Cost-Burdened Households,2022 American Community Survey 5-Year Estimates from IPUMS USA.,Cost-Burdened People in Households,Total,Total,644408.0,20.2,
2025,2022.0,Cost-Burdened Households,2022 American Community Survey 5-Year Estimates from IPUMS USA.,Extremely Cost-Burdened People in Households,Race/Ethnicity,Hispanic or Latino,224525.0,20.3,
2025,2022.0,Cost-Burdened Households,2022 American Community Survey 5-Year Estimates from IPUMS USA.,Not Cost-Burdened People in Households,Nativity Status,U.S.-born,1510637.0,63.2,
2025,2022.0,Cost-Burdened Households,2022 American Community Survey 5-Year Estimates from IPUMS USA.,Cost-Burdened People in Households,Disability Status,Without Reported Disability,582719.0,20.3,
2025,2022.0,Cost-Burdened Households,2022 American Community Survey 5-Year Estimates from IPUMS USA.,Cost-Burdened People in Households,Sex,Female,325395.0,20.5,
2025,2022.0,Cost-Burdened Households,2022 American Community Survey 5-Year Estimates from IPUMS USA.,Not Cost-Burdened People in Households,Race/Ethnicity,Some Other Race,7731.0,56.3,
2025,2022.0,Cost-Burdened Households,2022 American Community Survey 5-Year Estimates from IPUMS USA.,Cost-Burdened People in Households,Nativity Status,Foreign-born,164238.0,20.6,
2025,2022.0,Cost-Burdened Households,2022 American Community Survey 5-Year Estimates from IPUMS USA.,Extremely Cost-Burdened People in Households,Race/Ethnicity,Native Hawaiian or Pacific Islander,2289.0,20.9,
2025,2022.0,Cost-Burdened Households,2022 American Community Survey 5-Year Estimates from IPUMS USA.,Not Cost-Burdened People in Households,Total,Total,1985117.0,62.2,
2025,2022.0,Cost-Burdened Households,2022 American Community Survey 5-Year Estimates from IPUMS USA.,Cost-Burdened People in Households,Race/Ethnicity,Native Hawaiian or Pacific Islander,2355.0,21.5,
2025,2022.0,Cost-Burdened Households,2022 American Community Survey 5-Year Estimates from IPUMS USA.,Cost-Burdened People in Households,Race/Ethnicity,Hispanic or Latino,261874.0,23.6,
2025,2022.0,Cost-Burdened Households,2022 American Community Survey 5-Year Estimates from IPUMS USA.,Not Cost-Burdened People in Households,Race/Ethnicity,White,921574.0,66.5,
2025,2022.0,Cost-Burdened Households,2022 American Community Survey 5-Year Estimates from IPUMS USA.,Extremely Cost-Burdened People in Households,Disability Status,With Reported Disability,75979.0,23.7,
2025,2022.0,Cost-Burdened Households,2022 American Community Survey 5-Year Estimates from IPUMS USA.,Cost-Burdened People in Households,Race/Ethnicity,Some Other Race,3296.0,24.0,
2025,2022.0,Cost-Burdened Households,2022 American Community Survey 5-Year Estimates from IPUMS USA.,Not Cost-Burdened People in Households,Disability Status,With Reported Disability,183200.0,57.1,
2025,2022.0,Cost-Burdened Households,2022 American Community Survey 5-Year Estimates from IPUMS USA.,Cost-Burdened People in Households,Race/Ethnicity,Black or African American,33894.0,24.9,
2025,2022.0,Cost-Burdened Households,2022 American Community Survey 5-Year Estimates from IPUMS USA.,Extremely Cost-Burdened People in Households,Race/Ethnicity,Black or African American,38757.0,28.5,
2025,2022.0,Cost-Burdened Households,2022 American Community Survey 5-Year Estimates from IPUMS USA.,Not Cost-Burdened People in Households,Disability Status,Without Reported Disability,1801917.0,62.8,
2025,2022.0,Employment,2022 American Community Survey 5-Year Estimates from IPUMS USA.,Ages 16 and Older Not In Labor Force and Employed,Total,Total,109334.0,6.2,
2025,2022.0,Employment,2022 American Community Survey 5-Year Estimates from IPUMS USA.,Ages 16 and Older Not In Labor Force and Employed,Race/Ethnicity,American Indian or Alaska Native,228.0,5.2,
2025,2022.0,Employment,2022 American Community Survey 5-Year Estimates from IPUMS USA.,Ages 16 and Older In Labor Force and Employed,Race/Ethnicity,American Indian or Alaska Native,4194.0,94.8,
2025,2022.0,Employment,2022 American Community Survey 5-Year Estimates from IPUMS USA.,Ages 16 and Older Not In Labor Force and Employed,Race/Ethnicity,Asian,10399.0,4.8,
2025,2022.0,Employment,2022 American Community Survey 5-Year Estimates from IPUMS USA.,Ages 16 and Older In Labor Force and Employed,Race/Ethnicity,Asian,205734.0,95.2,
2025,2022.0,Employment,2022 American Community Survey 5-Year Estimates from IPUMS USA.,Ages 16 and Older Not In Labor Force and Employed,Race/Ethnicity,Black or African American,7206.0,8.9,
2025,2022.0,Employment,2022 American Community Survey 5-Year Estimates from IPUMS USA.,Ages 16 and Older In Labor Force and Employed,Race/Ethnicity,Black or African American,73830.0,91.1,
2025,2022.0,Employment,2022 American Community Survey 5-Year Estimates from IPUMS USA.,Ages 16 and Older Not In Labor Force and Employed,Sex,Female,52810.0,6.7,
2025,2022.0,Employment,2022 American Community Survey 5-Year Estimates from IPUMS USA.,Ages 16 and Older In Labor Force and Employed,Sex,Female,738258.0,93.3,
2025,2022.0,Employment,2022 American Community Survey 5-Year Estimates from IPUMS USA.,Ages 16 and Older Not In Labor Force and Employed,Race/Ethnicity,Hispanic or Latino,42669.0,7.2,
2025,2022.0,Employment,2022 American Community Survey 5-Year Estimates from IPUMS USA.,Ages 16 and Older In Labor Force and Employed,Race/Ethnicity,Hispanic or Latino,547586.0,92.8,
2025,2022.0,Employment,2022 American Community Survey 5-Year Estimates from IPUMS USA.,Ages 16 and Older Not In Labor Force and Employed,Nativity Status,Foreign-born,28585.0,5.7,
2025,2022.0,Employment,2022 American Community Survey 5-Year Estimates from IPUMS USA.,Ages 16 and Older In Labor Force and Employed,Nativity Status,Foreign-born,471119.0,94.3,
2025,2022.0,Employment,2022 American Community Survey 5-Year Estimates from IPUMS USA.,Ages 16 and Older Not In Labor Force and Employed,Sex,Male,56524.0,5.8,
2025,2022.0,Employment,2022 American Community Survey 5-Year Estimates from IPUMS USA.,Ages 16 and Older In Labor Force and Employed,Sex,Male,921584.0,94.2,
2025,2022.0,Employment,2022 American Community Survey 5-Year Estimates from IPUMS USA.,Ages 16 and Older Not In Labor Force and Employed,Race/Ethnicity,Multiracial,5243.0,7.3,
2025,2022.0,Employment,2022 American Community Survey 5-Year Estimates from IPUMS USA.,Ages 16 and Older In Labor Force and Employed,Race/Ethnicity,Multiracial,66238.0,92.7,
2025,2022.0,Employment,2022 American Community Survey 5-Year Estimates from IPUMS USA.,Ages 16 and Older Not In Labor Force and Employed,Race/Ethnicity,Native Hawaiian or Pacific Islander,454.0,6.5,
2025,2022.0,Employment,2022 American Community Survey 5-Year Estimates from IPUMS USA.,Ages 16 and Older In Labor Force and Employed,Race/Ethnicity,Native Hawaiian or Pacific Islander,6495.0,93.5,
2025,2022.0,Employment,2022 American Community Survey 5-Year Estimates from IPUMS USA.,Ages 16 and Older Not In Labor Force and Employed,Nativity Status,U.S.-born,80749.0,6.4,
2025,2022.0,Employment,2022 American Community Survey 5-Year Estimates from IPUMS USA.,Ages 16 and Older In Labor Force and Employed,Nativity Status,U.S.-born,1188723.0,93.6,
2025,2022.0,Employment,2022 American Community Survey 5-Year Estimates from IPUMS USA.,Ages 16 and Older Not In Labor Force and Employed,Race/Ethnicity,Some Other Race,549.0,7.4,
2025,2022.0,Employment,2022 American Community Survey 5-Year Estimates from IPUMS USA.,Ages 16 and Older In Labor Force and Employed,Race/Ethnicity,Some Other Race,6833.0,92.6,
2025,2022.0,Employment,2022 American Community Survey 5-Year Estimates from IPUMS USA.,Ages 16 and Older In Labor Force and Employed,Total,Total,1659842.0,93.8,
2025,2022.0,Employment,2022 American Community Survey 5-Year Estimates from IPUMS USA.,Ages 16 and Older Not In Labor Force and Employed,Race/Ethnicity,White,42586.0,5.4,
2025,2022.0,Employment,2022 American Community Survey 5-Year Estimates from IPUMS USA.,Ages 16 and Older In Labor Force and Employed,Race/Ethnicity,White,748932.0,94.6,
2025,2022.0,Employment,2022 American Community Survey 5-Year Estimates from IPUMS USA.,Ages 16 and Older Not In Labor Force and Employed,Disability Status,With Reported Disability,12087.0,13.3,
2025,2022.0,Employment,2022 American Community Survey 5-Year Estimates from IPUMS USA.,Ages 16 and Older In Labor Force and Employed,Disability Status,With Reported Disability,78994.0,86.7,
2025,2022.0,Employment,2022 American Community Survey 5-Year Estimates from IPUMS USA.,Ages 16 and Older Not In Labor Force and Employed,Disability Status,Without Reported Disability,97247.0,5.8,
2025,2022.0,Employment,2022 American Community Survey 5-Year Estimates from IPUMS USA.,Ages 16 and Older In Labor Force and Employed,Disability Status,Without Reported Disability,1580848.0,94.2,
2025,2022.0,Employment,2022 American Community Survey 5-Year Estimates from IPUMS USA.,Ages 16 and Older In Labor Force,Disability Status,With Reported Disability,91081.0,28.0,
2025,2022.0,Employment,2022 American Community Survey 5-Year Estimates from IPUMS USA.,Ages 16 and Older Not In Labor Force,Race/Ethnicity,American Indian or Alaska Native,2996.0,40.4,
2025,2022.0,Employment,2022 American Community Survey 5-Year Estimates from IPUMS USA.,Ages 16 and Older In Labor Force,Race/Ethnicity,American Indian or Alaska Native,4422.0,59.6,
2025,2022.0,Employment,2022 American Community Survey 5-Year Estimates from IPUMS USA.,Ages 16 and Older Not In Labor Force,Race/Ethnicity,Asian,112095.0,34.2,
2025,2022.0,Employment,2022 American Community Survey 5-Year Estimates from IPUMS USA.,Ages 16 and Older In Labor Force,Sex,Female,791068.0,60.0,
2025,2022.0,Employment,2022 American Community Survey 5-Year Estimates from IPUMS USA.,Ages 16 and Older Not In Labor Force,Race/Ethnicity,Black or African American,41054.0,33.6,
2025,2022.0,Employment,2022 American Community Survey 5-Year Estimates from IPUMS USA.,Ages 16 and Older In Labor Force,Race/Ethnicity,White,791518.0,63.7,
2025,2022.0,Employment,2022 American Community Survey 5-Year Estimates from IPUMS USA.,Ages 16 and Older Not In Labor Force,Sex,Female,527938.0,40.0,
2025,2022.0,Employment,2022 American Community Survey 5-Year Estimates from IPUMS USA.,Ages 16 and Older In Labor Force,Nativity Status,Foreign-born,499704.0,64.8,
2025,2022.0,Employment,2022 American Community Survey 5-Year Estimates from IPUMS USA.,Ages 16 and Older Not In Labor Force,Race/Ethnicity,Hispanic or Latino,258640.0,30.5,
2025,2022.0,Employment,2022 American Community Survey 5-Year Estimates from IPUMS USA.,Ages 16 and Older In Labor Force,Race/Ethnicity,Asian,216133.0,65.8,
2025,2022.0,Employment,2022 American Community Survey 5-Year Estimates from IPUMS USA.,Ages 16 and Older Not In Labor Force,Nativity Status,Foreign-born,271198.0,35.2,
2025,2022.0,Employment,2022 American Community Survey 5-Year Estimates from IPUMS USA.,Ages 16 and Older In Labor Force,Total,Total,1769176.0,66.2,
2025,2022.0,Employment,2022 American Community Survey 5-Year Estimates from IPUMS USA.,Ages 16 and Older Not In Labor Force,Sex,Male,373492.0,27.6,
2025,2022.0,Employment,2022 American Community Survey 5-Year Estimates from IPUMS USA.,Ages 16 and Older In Labor Force,Race/Ethnicity,Black or African American,81036.0,66.4,
2025,2022.0,Employment,2022 American Community Survey 5-Year Estimates from IPUMS USA.,Ages 16 and Older Not In Labor Force,Race/Ethnicity,Multiracial,29077.0,28.9,
2025,2022.0,Employment,2022 American Community Survey 5-Year Estimates from IPUMS USA.,Ages 16 and Older In Labor Force,Nativity Status,U.S.-born,1269472.0,66.8,
2025,2022.0,Poverty,2022 American Community Survey 5-Year Estimates from IPUMS USA.,Not Below 200% of the Federal Poverty Level for Residents Whom Poverty Status Can Be Determined,Disability Status,Without Reported Disability,2246098.0,78.4,
2025,2022.0,Employment,2022 American Community Survey 5-Year Estimates from IPUMS USA.,Ages 16 and Older Not In Labor Force,Race/Ethnicity,Native Hawaiian or Pacific Islander,3139.0,31.1,
2025,2022.0,Employment,2022 American Community Survey 5-Year Estimates from IPUMS USA.,Ages 16 and Older In Labor Force,Race/Ethnicity,Some Other Race,7382.0,67.8,
2025,2022.0,Employment,2022 American Community Survey 5-Year Estimates from IPUMS USA.,Ages 16 and Older Not In Labor Force,Nativity Status,U.S.-born,630232.0,33.2,
2025,2022.0,Employment,2022 American Community Survey 5-Year Estimates from IPUMS USA.,Ages 16 and Older In Labor Force,Race/Ethnicity,Native Hawaiian or Pacific Islander,6949.0,68.9,
2025,2022.0,Employment,2022 American Community Survey 5-Year Estimates from IPUMS USA.,Ages 16 and Older Not In Labor Force,Race/Ethnicity,Some Other Race,3502.0,32.2,
2025,2022.0,Employment,2022 American Community Survey 5-Year Estimates from IPUMS USA.,Ages 16 and Older In Labor Force,Race/Ethnicity,Hispanic or Latino,590255.0,69.5,
2025,2022.0,Employment,2022 American Community Survey 5-Year Estimates from IPUMS USA.,Ages 16 and Older Not In Labor Force,Total,Total,901430.0,33.8,
2025,2022.0,Employment,2022 American Community Survey 5-Year Estimates from IPUMS USA.,Ages 16 and Older In Labor Force,Race/Ethnicity,Multiracial,71481.0,71.1,
2025,2022.0,Employment,2022 American Community Survey 5-Year Estimates from IPUMS USA.,Ages 16 and Older Not In Labor Force,Race/Ethnicity,White,450927.0,36.3,
2025,2022.0,Employment,2022 American Community Survey 5-Year Estimates from IPUMS USA.,Ages 16 and Older In Labor Force,Disability Status,Without Reported Disability,1678095.0,71.5,
2025,2022.0,Employment,2022 American Community Survey 5-Year Estimates from IPUMS USA.,Ages 16 and Older Not In Labor Force,Disability Status,With Reported Disability,233724.0,72.0,
2025,2022.0,Employment,2022 American Community Survey 5-Year Estimates from IPUMS USA.,Ages 16 and Older In Labor Force,Sex,Male,978108.0,72.4,
2025,2022.0,Employment,2022 American Community Survey 5-Year Estimates from IPUMS USA.,Ages 16 and Older Not In Labor Force,Disability Status,Without Reported Disability,667706.0,28.5,
2025,2022.0,Poverty,2022 American Community Survey 5-Year Estimates from IPUMS USA.,Below 200% of the Federal Poverty Level for Residents Whom Poverty Status Can Be Determined,Race/Ethnicity,White,220564.0,15.9,
2025,2022.0,Poverty,2022 American Community Survey 5-Year Estimates from IPUMS USA.,Not Below 200% of the Federal Poverty Level for Residents Whom Poverty Status Can Be Determined,Race/Ethnicity,American Indian or Alaska Native,6210.0,79.0,
2025,2022.0,Poverty,2022 American Community Survey 5-Year Estimates from IPUMS USA.,Below 200% of the Federal Poverty Level for Residents Whom Poverty Status Can Be Determined,Race/Ethnicity,Multiracial,24547.0,16.0,
2025,2022.0,Poverty,2022 American Community Survey 5-Year Estimates from IPUMS USA.,Not Below 200% of the Federal Poverty Level for Residents Whom Poverty Status Can Be Determined,Race/Ethnicity,Asian,307272.0,82.1,
2025,2022.0,Poverty,2022 American Community Survey 5-Year Estimates from IPUMS USA.,Below 200% of the Federal Poverty Level for Residents Whom Poverty Status Can Be Determined,Race/Ethnicity,Asian,66972.0,17.9,
2025,2022.0,Poverty,2022 American Community Survey 5-Year Estimates from IPUMS USA.,Not Below 200% of the Federal Poverty Level for Residents Whom Poverty Status Can Be Determined,Race/Ethnicity,Black or African American,89231.0,65.9,
2025,2022.0,Poverty,2022 American Community Survey 5-Year Estimates from IPUMS USA.,Below 200% of the Federal Poverty Level for Residents Whom Poverty Status Can Be Determined,Nativity Status,U.S.-born,495616.0,20.7,
2025,2022.0,Poverty,2022 American Community Survey 5-Year Estimates from IPUMS USA.,Not Below 200% of the Federal Poverty Level for Residents Whom Poverty Status Can Be Determined,Sex,Female,1206200.0,75.9,
2025,2022.0,High School Graduates,2022 American Community Survey 5-Year Estimates from IPUMS USA.,Did Not Graduate Among Ages 19 and 20 Years,Nativity Status,Foreign-born,1143.0,9.5,
2025,2022.0,Poverty,2022 American Community Survey 5-Year Estimates from IPUMS USA.,Below 200% of the Federal Poverty Level for Residents Whom Poverty Status Can Be Determined,Race/Ethnicity,American Indian or Alaska Native,1652.0,21.0,
2025,2022.0,Poverty,2022 American Community Survey 5-Year Estimates from IPUMS USA.,Not Below 200% of the Federal Poverty Level for Residents Whom Poverty Status Can Be Determined,Race/Ethnicity,Hispanic or Latino,749244.0,67.7,
2025,2022.0,Poverty,2022 American Community Survey 5-Year Estimates from IPUMS USA.,Below 200% of the Federal Poverty Level for Residents Whom Poverty Status Can Be Determined,Sex,Male,341190.0,21.4,
2025,2022.0,Poverty,2022 American Community Survey 5-Year Estimates from IPUMS USA.,Not Below 200% of the Federal Poverty Level for Residents Whom Poverty Status Can Be Determined,Nativity Status,Foreign-born,569905.0,71.4,
2025,2022.0,Poverty,2022 American Community Survey 5-Year Estimates from IPUMS USA.,Below 200% of the Federal Poverty Level for Residents Whom Poverty Status Can Be Determined,Disability Status,Without Reported Disability,620252.0,21.6,
2025,2022.0,Poverty,2022 American Community Survey 5-Year Estimates from IPUMS USA.,Not Below 200% of the Federal Poverty Level for Residents Whom Poverty Status Can Be Determined,Sex,Male,1256661.0,78.6,
2025,2022.0,Poverty,2022 American Community Survey 5-Year Estimates from IPUMS USA.,Below 200% of the Federal Poverty Level for Residents Whom Poverty Status Can Be Determined,Total,Total,724266.0,22.7,
2025,2022.0,Poverty,2022 American Community Survey 5-Year Estimates from IPUMS USA.,Not Below 200% of the Federal Poverty Level for Residents Whom Poverty Status Can Be Determined,Race/Ethnicity,Multiracial,128548.0,84.0,
2025,2022.0,Poverty,2022 American Community Survey 5-Year Estimates from IPUMS USA.,Below 200% of the Federal Poverty Level for Residents Whom Poverty Status Can Be Determined,Race/Ethnicity,Some Other Race,3274.0,23.9,
2025,2022.0,Poverty,2022 American Community Survey 5-Year Estimates from IPUMS USA.,Not Below 200% of the Federal Poverty Level for Residents Whom Poverty Status Can Be Determined,Race/Ethnicity,Native Hawaiian or Pacific Islander,7757.0,70.9,
2025,2022.0,Poverty,2022 American Community Survey 5-Year Estimates from IPUMS USA.,Below 200% of the Federal Poverty Level for Residents Whom Poverty Status Can Be Determined,Sex,Female,383076.0,24.1,
2025,2022.0,Poverty,2022 American Community Survey 5-Year Estimates from IPUMS USA.,Not Below 200% of the Federal Poverty Level for Residents Whom Poverty Status Can Be Determined,Nativity Status,U.S.-born,1892956.0,79.3,
2025,2022.0,Poverty,2022 American Community Survey 5-Year Estimates from IPUMS USA.,Below 200% of the Federal Poverty Level for Residents Whom Poverty Status Can Be Determined,Nativity Status,Foreign-born,228650.0,28.6,
2025,2022.0,Poverty,2022 American Community Survey 5-Year Estimates from IPUMS USA.,Not Below 200% of the Federal Poverty Level for Residents Whom Poverty Status Can Be Determined,Race/Ethnicity,Some Other Race,10425.0,76.1,
2025,2022.0,Poverty,2022 American Community Survey 5-Year Estimates from IPUMS USA.,Below 200% of the Federal Poverty Level for Residents Whom Poverty Status Can Be Determined,Race/Ethnicity,Native Hawaiian or Pacific Islander,3184.0,29.1,
2025,2022.0,Poverty,2022 American Community Survey 5-Year Estimates from IPUMS USA.,Not Below 200% of the Federal Poverty Level for Residents Whom Poverty Status Can Be Determined,Total,Total,2462861.0,77.3,
2025,2022.0,Poverty,2022 American Community Survey 5-Year Estimates from IPUMS USA.,Below 200% of the Federal Poverty Level for Residents Whom Poverty Status Can Be Determined,Race/Ethnicity,Hispanic or Latino,357824.0,32.3,
2025,2022.0,Poverty,2022 American Community Survey 5-Year Estimates from IPUMS USA.,Not Below 200% of the Federal Poverty Level for Residents Whom Poverty Status Can Be Determined,Race/Ethnicity,White,1164174.0,84.1,
2025,2022.0,Poverty,2022 American Community Survey 5-Year Estimates from IPUMS USA.,Below 200% of the Federal Poverty Level for Residents Whom Poverty Status Can Be Determined,Disability Status,With Reported Disability,104014.0,32.4,
2025,2022.0,Poverty,2022 American Community Survey 5-Year Estimates from IPUMS USA.,Not Below 200% of the Federal Poverty Level for Residents Whom Poverty Status Can Be Determined,Disability Status,With Reported Disability,216763.0,67.6,
2025,2022.0,Poverty,2022 American Community Survey 5-Year Estimates from IPUMS USA.,Below 200% of the Federal Poverty Level for Residents Whom Poverty Status Can Be Determined,Race/Ethnicity,Black or African American,46249.0,34.1,
2025,2022.0,Youth Poverty,2022 American Community Survey 5-Year Estimates from IPUMS USA.,Below 200% of the Federal Poverty Level for Residents Whom Poverty Status Can Be Determined,Race/Ethnicity,American Indian or Alaska Native,228.0,15.4,
2025,2022.0,Youth Poverty,2022 American Community Survey 5-Year Estimates from IPUMS USA.,Not Below 200% of the Federal Poverty Level for Residents Whom Poverty Status Can Be Determined,Race/Ethnicity,American Indian or Alaska Native,1255.0,84.6,
2025,2022.0,Youth Poverty,2022 American Community Survey 5-Year Estimates from IPUMS USA.,Below 200% of the Federal Poverty Level for Residents Whom Poverty Status Can Be Determined,Race/Ethnicity,Asian,10439.0,17.2,
2025,2022.0,Youth Poverty,2022 American Community Survey 5-Year Estimates from IPUMS USA.,Not Below 200% of the Federal Poverty Level for Residents Whom Poverty Status Can Be Determined,Race/Ethnicity,Asian,50136.0,82.8,
2025,2022.0,Youth Poverty,2022 American Community Survey 5-Year Estimates from IPUMS USA.,Below 200% of the Federal Poverty Level for Residents Whom Poverty Status Can Be Determined,Race/Ethnicity,Black or African American,13452.0,48.4,
2025,2022.0,Youth Poverty,2022 American Community Survey 5-Year Estimates from IPUMS USA.,Not Below 200% of the Federal Poverty Level for Residents Whom Poverty Status Can Be Determined,Race/Ethnicity,Black or African American,14341.0,51.6,
2025,2022.0,Youth Poverty,2022 American Community Survey 5-Year Estimates from IPUMS USA.,Below 200% of the Federal Poverty Level for Residents Whom Poverty Status Can Be Determined,Sex,Female,100345.0,29.7,
2025,2022.0,Youth Poverty,2022 American Community Survey 5-Year Estimates from IPUMS USA.,Not Below 200% of the Federal Poverty Level for Residents Whom Poverty Status Can Be Determined,Sex,Female,237359.0,70.3,
2025,2022.0,Youth Poverty,2022 American Community Survey 5-Year Estimates from IPUMS USA.,Below 200% of the Federal Poverty Level for Residents Whom Poverty Status Can Be Determined,Race/Ethnicity,Hispanic or Latino,129838.0,40.6,
2025,2022.0,Youth Poverty,2022 American Community Survey 5-Year Estimates from IPUMS USA.,Not Below 200% of the Federal Poverty Level for Residents Whom Poverty Status Can Be Determined,Race/Ethnicity,Hispanic or Latino,190069.0,59.4,
2025,2022.0,Youth Poverty,2022 American Community Survey 5-Year Estimates from IPUMS USA.,Below 200% of the Federal Poverty Level for Residents Whom Poverty Status Can Be Determined,Nativity Status,Foreign-born,19672.0,41.8,
2025,2022.0,Youth Poverty,2022 American Community Survey 5-Year Estimates from IPUMS USA.,Not Below 200% of the Federal Poverty Level for Residents Whom Poverty Status Can Be Determined,Nativity Status,Foreign-born,27345.0,58.2,
2025,2022.0,Youth Poverty,2022 American Community Survey 5-Year Estimates from IPUMS USA.,Below 200% of the Federal Poverty Level for Residents Whom Poverty Status Can Be Determined,Sex,Male,100354.0,28.2,
2025,2022.0,Youth Poverty,2022 American Community Survey 5-Year Estimates from IPUMS USA.,Not Below 200% of the Federal Poverty Level for Residents Whom Poverty Status Can Be Determined,Sex,Male,254896.0,71.8,
2025,2022.0,Youth Poverty,2022 American Community Survey 5-Year Estimates from IPUMS USA.,Below 200% of the Federal Poverty Level for Residents Whom Poverty Status Can Be Determined,Race/Ethnicity,Multiracial,8324.0,13.5,
2025,2022.0,Youth Poverty,2022 American Community Survey 5-Year Estimates from IPUMS USA.,Not Below 200% of the Federal Poverty Level for Residents Whom Poverty Status Can Be Determined,Race/Ethnicity,Multiracial,53146.0,86.5,
2025,2022.0,Youth Poverty,2022 American Community Survey 5-Year Estimates from IPUMS USA.,Below 200% of the Federal Poverty Level for Residents Whom Poverty Status Can Be Determined,Race/Ethnicity,Native Hawaiian or Pacific Islander,986.0,63.7,
2025,2022.0,Youth Poverty,2022 American Community Survey 5-Year Estimates from IPUMS USA.,Not Below 200% of the Federal Poverty Level for Residents Whom Poverty Status Can Be Determined,Race/Ethnicity,Native Hawaiian or Pacific Islander,562.0,36.3,
2025,2022.0,Youth Poverty,2022 American Community Survey 5-Year Estimates from IPUMS USA.,Below 200% of the Federal Poverty Level for Residents Whom Poverty Status Can Be Determined,Nativity Status,U.S.-born,181027.0,28.0,
2025,2022.0,Youth Poverty,2022 American Community Survey 5-Year Estimates from IPUMS USA.,Not Below 200% of the Federal Poverty Level for Residents Whom Poverty Status Can Be Determined,Nativity Status,U.S.-born,464910.0,72.0,
2025,2022.0,Youth Poverty,2022 American Community Survey 5-Year Estimates from IPUMS USA.,Below 200% of the Federal Poverty Level for Residents Whom Poverty Status Can Be Determined,Race/Ethnicity,Some Other Race,917.0,24.8,
2025,2022.0,Youth Poverty,2022 American Community Survey 5-Year Estimates from IPUMS USA.,Not Below 200% of the Federal Poverty Level for Residents Whom Poverty Status Can Be Determined,Race/Ethnicity,Some Other Race,2782.0,75.2,
2025,2022.0,Youth Poverty,2022 American Community Survey 5-Year Estimates from IPUMS USA.,Below 200% of the Federal Poverty Level for Residents Whom Poverty Status Can Be Determined,Total,Total,200699.0,29.0,
2025,2022.0,Youth Poverty,2022 American Community Survey 5-Year Estimates from IPUMS USA.,Not Below 200% of the Federal Poverty Level for Residents Whom Poverty Status Can Be Determined,Total,Total,492255.0,71.0,
2025,2022.0,Youth Poverty,2022 American Community Survey 5-Year Estimates from IPUMS USA.,Below 200% of the Federal Poverty Level for Residents Whom Poverty Status Can Be Determined,Race/Ethnicity,White,36515.0,16.9,
2025,2022.0,Youth Poverty,2022 American Community Survey 5-Year Estimates from IPUMS USA.,Not Below 200% of the Federal Poverty Level for Residents Whom Poverty Status Can Be Determined,Race/Ethnicity,White,179964.0,83.1,
2025,2022.0,Youth Poverty,2022 American Community Survey 5-Year Estimates from IPUMS USA.,Below 200% of the Federal Poverty Level for Residents Whom Poverty Status Can Be Determined,Disability Status,With Reported Disability,9108.0,38.2,
2025,2022.0,Youth Poverty,2022 American Community Survey 5-Year Estimates from IPUMS USA.,Not Below 200% of the Federal Poverty Level for Residents Whom Poverty Status Can Be Determined,Disability Status,With Reported Disability,14739.0,61.8,
2025,2022.0,Youth Poverty,2022 American Community Survey 5-Year Estimates from IPUMS USA.,Below 200% of the Federal Poverty Level for Residents Whom Poverty Status Can Be Determined,Disability Status,Without Reported Disability,191591.0,28.6,
2025,2022.0,Youth Poverty,2022 American Community Survey 5-Year Estimates from IPUMS USA.,Not Below 200% of the Federal Poverty Level for Residents Whom Poverty Status Can Be Determined,Disability Status,Without Reported Disability,477516.0,71.4,
2025,2022.0,High School Graduates,2022 American Community Survey 5-Year Estimates from IPUMS USA.,Did Not Graduate Among Ages 19 and 20 Years,Race/Ethnicity,American Indian or Alaska Native,8.0,2.2,
2025,2022.0,High School Graduates,2022 American Community Survey 5-Year Estimates from IPUMS USA.,Graduated Among Ages 19 and 20 Years,Race/Ethnicity,American Indian or Alaska Native,357.0,97.8,
2025,2022.0,High School Graduates,2022 American Community Survey 5-Year Estimates from IPUMS USA.,Did Not Graduate Among Ages 19 and 20 Years,Race/Ethnicity,Asian,165.0,1.6,
2025,2022.0,High School Graduates,2022 American Community Survey 5-Year Estimates from IPUMS USA.,Graduated Among Ages 19 and 20 Years,Race/Ethnicity,Asian,9888.0,98.4,
2025,2022.0,High School Graduates,2022 American Community Survey 5-Year Estimates from IPUMS USA.,Did Not Graduate Among Ages 19 and 20 Years,Race/Ethnicity,Black or African American,495.0,10.3,
2025,2022.0,High School Graduates,2022 American Community Survey 5-Year Estimates from IPUMS USA.,Graduated Among Ages 19 and 20 Years,Race/Ethnicity,Black or African American,4319.0,89.7,
2025,2022.0,High School Graduates,2022 American Community Survey 5-Year Estimates from IPUMS USA.,Did Not Graduate Among Ages 19 and 20 Years,Sex,Female,1948.0,4.7,
2025,2022.0,High School Graduates,2022 American Community Survey 5-Year Estimates from IPUMS USA.,Graduated Among Ages 19 and 20 Years,Sex,Female,39127.0,95.3,
2025,2022.0,High School Graduates,2022 American Community Survey 5-Year Estimates from IPUMS USA.,Did Not Graduate Among Ages 19 and 20 Years,Race/Ethnicity,Hispanic or Latino,2990.0,8.1,
2025,2022.0,High School Graduates,2022 American Community Survey 5-Year Estimates from IPUMS USA.,Graduated Among Ages 19 and 20 Years,Race/Ethnicity,Hispanic or Latino,34100.0,91.9,
2025,2022.0,High School Graduates,2022 American Community Survey 5-Year Estimates from IPUMS USA.,Graduated Among Ages 19 and 20 Years,Nativity Status,Foreign-born,10893.0,90.5,
2025,2022.0,High School Graduates,2022 American Community Survey 5-Year Estimates from IPUMS USA.,Did Not Graduate Among Ages 19 and 20 Years,Sex,Male,3075.0,5.8,
2025,2022.0,High School Graduates,2022 American Community Survey 5-Year Estimates from IPUMS USA.,Graduated Among Ages 19 and 20 Years,Sex,Male,50248.0,94.2,
2025,2022.0,High School Graduates,2022 American Community Survey 5-Year Estimates from IPUMS USA.,Did Not Graduate Among Ages 19 and 20 Years,Race/Ethnicity,Multiracial,193.0,3.7,
2025,2022.0,High School Graduates,2022 American Community Survey 5-Year Estimates from IPUMS USA.,Graduated Among Ages 19 and 20 Years,Race/Ethnicity,Multiracial,4976.0,96.3,
2025,2022.0,High School Graduates,2022 American Community Survey 5-Year Estimates from IPUMS USA.,Did Not Graduate Among Ages 19 and 20 Years,Race/Ethnicity,Native Hawaiian or Pacific Islander,15.0,3.0,
2025,2022.0,High School Graduates,2022 American Community Survey 5-Year Estimates from IPUMS USA.,Graduated Among Ages 19 and 20 Years,Race/Ethnicity,Native Hawaiian or Pacific Islander,478.0,97.0,
2025,2022.0,High School Graduates,2022 American Community Survey 5-Year Estimates from IPUMS USA.,Did Not Graduate Among Ages 19 and 20 Years,Nativity Status,U.S.-born,3880.0,4.7,
2025,2022.0,High School Graduates,2022 American Community Survey 5-Year Estimates from IPUMS USA.,Graduated Among Ages 19 and 20 Years,Nativity Status,U.S.-born,78482.0,95.3,
2025,2022.0,High School Graduates,2022 American Community Survey 5-Year Estimates from IPUMS USA.,Graduated Among Ages 19 and 20 Years,Race/Ethnicity,Some Other Race,374.0,100.0,
2025,2022.0,High School Graduates,2022 American Community Survey 5-Year Estimates from IPUMS USA.,Did Not Graduate Among Ages 19 and 20 Years,Race/Ethnicity,Some Other Race,0.0,0.0,
2025,2022.0,High School Graduates,2022 American Community Survey 5-Year Estimates from IPUMS USA.,Did Not Graduate Among Ages 19 and 20 Years,Total,Total,5023.0,5.3,
2025,2022.0,High School Graduates,2022 American Community Survey 5-Year Estimates from IPUMS USA.,Graduated Among Ages 19 and 20 Years,Total,Total,89375.0,94.7,
2025,2022.0,High School Graduates,2022 American Community Survey 5-Year Estimates from IPUMS USA.,Did Not Graduate Among Ages 19 and 20 Years,Race/Ethnicity,White,1157.0,3.2,
2025,2022.0,High School Graduates,2022 American Community Survey 5-Year Estimates from IPUMS USA.,Graduated Among Ages 19 and 20 Years,Race/Ethnicity,White,34883.0,96.8,
2025,2022.0,High School Graduates,2022 American Community Survey 5-Year Estimates from IPUMS USA.,Did Not Graduate Among Ages 19 and 20 Years,Disability Status,With Reported Disability,751.0,16.8,
2025,2022.0,High School Graduates,2022 American Community Survey 5-Year Estimates from IPUMS USA.,Graduated Among Ages 19 and 20 Years,Disability Status,With Reported Disability,3713.0,83.2,
2025,2022.0,High School Graduates,2022 American Community Survey 5-Year Estimates from IPUMS USA.,Did Not Graduate Among Ages 19 and 20 Years,Disability Status,Without Reported Disability,4272.0,4.8,
2025,2022.0,High School Graduates,2022 American Community Survey 5-Year Estimates from IPUMS USA.,Graduated Among Ages 19 and 20 Years,Disability Status,Without Reported Disability,85662.0,95.2,
2025,2022.0,Health Insurance,2022 American Community Survey 5-Year Estimates from IPUMS USA.,Insured Among All Ages,Race/Ethnicity,American Indian or Alaska Native,6944.0,79.1,
2025,2022.0,Health Insurance,2022 American Community Survey 5-Year Estimates from IPUMS USA.,Uninsured Among All Ages,Race/Ethnicity,American Indian or Alaska Native,1837.0,20.9,
2025,2022.0,Health Insurance,2022 American Community Survey 5-Year Estimates from IPUMS USA.,Insured Among All Ages,Race/Ethnicity,Asian,364323.0,95.5,
2025,2022.0,Health Insurance,2022 American Community Survey 5-Year Estimates from IPUMS USA.,Uninsured Among All Ages,Race/Ethnicity,Asian,17088.0,4.5,
2025,2022.0,Health Insurance,2022 American Community Survey 5-Year Estimates from IPUMS USA.,Insured Among All Ages,Race/Ethnicity,Black or African American,137195.0,92.7,
2025,2022.0,Health Insurance,2022 American Community Survey 5-Year Estimates from IPUMS USA.,Uninsured Among All Ages,Race/Ethnicity,Black or African American,10863.0,7.3,
2025,2022.0,Health Insurance,2022 American Community Survey 5-Year Estimates from IPUMS USA.,Insured Among All Ages,Sex,Female,1517720.0,93.7,
2025,2022.0,Health Insurance,2022 American Community Survey 5-Year Estimates from IPUMS USA.,Uninsured Among All Ages,Sex,Female,102762.0,6.3,
2025,2022.0,Health Insurance,2022 American Community Survey 5-Year Estimates from IPUMS USA.,Insured Among All Ages,Race/Ethnicity,Hispanic or Latino,989802.0,87.2,
2025,2022.0,Health Insurance,2022 American Community Survey 5-Year Estimates from IPUMS USA.,Uninsured Among All Ages,Race/Ethnicity,Hispanic or Latino,144648.0,12.8,
2025,2022.0,Health Insurance,2022 American Community Survey 5-Year Estimates from IPUMS USA.,Insured Among All Ages,Nativity Status,Foreign-born,705687.0,87.1,
2025,2022.0,Health Insurance,2022 American Community Survey 5-Year Estimates from IPUMS USA.,Uninsured Among All Ages,Nativity Status,Foreign-born,104629.0,12.9,
2025,2022.0,Health Insurance,2022 American Community Survey 5-Year Estimates from IPUMS USA.,Insured Among All Ages,Sex,Male,1534006.0,91.8,
2025,2022.0,Health Insurance,2022 American Community Survey 5-Year Estimates from IPUMS USA.,Uninsured Among All Ages,Sex,Male,136461.0,8.2,
2025,2022.0,Health Insurance,2022 American Community Survey 5-Year Estimates from IPUMS USA.,Insured Among All Ages,Race/Ethnicity,Multiracial,147538.0,94.5,
2025,2022.0,Health Insurance,2022 American Community Survey 5-Year Estimates from IPUMS USA.,Uninsured Among All Ages,Race/Ethnicity,Multiracial,8638.0,5.5,
2025,2022.0,Health Insurance,2022 American Community Survey 5-Year Estimates from IPUMS USA.,Insured Among All Ages,Race/Ethnicity,Native Hawaiian or Pacific Islander,10623.0,92.9,
2025,2022.0,Health Insurance,2022 American Community Survey 5-Year Estimates from IPUMS USA.,Uninsured Among All Ages,Race/Ethnicity,Native Hawaiian or Pacific Islander,810.0,7.1,
2025,2022.0,Health Insurance,2022 American Community Survey 5-Year Estimates from IPUMS USA.,Insured Among All Ages,Nativity Status,U.S.-born,2346039.0,94.6,
2025,2022.0,Health Insurance,2022 American Community Survey 5-Year Estimates from IPUMS USA.,Uninsured Among All Ages,Nativity Status,U.S.-born,134594.0,5.4,
2025,2022.0,Health Insurance,2022 American Community Survey 5-Year Estimates from IPUMS USA.,Insured Among All Ages,Race/Ethnicity,Some Other Race,12910.0,91.6,
2025,2022.0,Health Insurance,2022 American Community Survey 5-Year Estimates from IPUMS USA.,Uninsured Among All Ages,Race/Ethnicity,Some Other Race,1177.0,8.4,
2025,2022.0,Health Insurance,2022 American Community Survey 5-Year Estimates from IPUMS USA.,Insured Among All Ages,Total,Total,3051726.0,92.7,
2025,2022.0,Health Insurance,2022 American Community Survey 5-Year Estimates from IPUMS USA.,Uninsured Among All Ages,Total,Total,239223.0,7.3,
2025,2022.0,Health Insurance,2022 American Community Survey 5-Year Estimates from IPUMS USA.,Insured Among All Ages,Race/Ethnicity,White,1382391.0,96.2,
2025,2022.0,Health Insurance,2022 American Community Survey 5-Year Estimates from IPUMS USA.,Uninsured Among All Ages,Race/Ethnicity,White,54162.0,3.8,
2025,2022.0,Health Insurance,2022 American Community Survey 5-Year Estimates from IPUMS USA.,Insured Among All Ages,Disability Status,With Reported Disability,330101.0,95.5,
2025,2022.0,Health Insurance,2022 American Community Survey 5-Year Estimates from IPUMS USA.,Uninsured Among All Ages,Disability Status,With Reported Disability,15434.0,4.5,
2025,2022.0,Health Insurance,2022 American Community Survey 5-Year Estimates from IPUMS USA.,Insured Among All Ages,Disability Status,Without Reported Disability,2721625.0,92.4,
2025,2022.0,Health Insurance,2022 American Community Survey 5-Year Estimates from IPUMS USA.,Uninsured Among All Ages,Disability Status,Without Reported Disability,223789.0,7.6,
2025,2022.0,Health Insurance,2022 American Community Survey 5-Year Estimates from IPUMS USA.,Insured Among Ages 16 and Older In Labor Force and Employed,Race/Ethnicity,American Indian or Alaska Native,3746.0,89.3,
2025,2022.0,Health Insurance,2022 American Community Survey 5-Year Estimates from IPUMS USA.,Uninsured Among Ages 16 and Older In Labor Force and Employed,Race/Ethnicity,American Indian or Alaska Native,448.0,10.7,
2025,2022.0,Health Insurance,2022 American Community Survey 5-Year Estimates from IPUMS USA.,Insured Among Ages 16 and Older In Labor Force and Employed,Race/Ethnicity,Asian,198080.0,96.3,
2025,2022.0,Health Insurance,2022 American Community Survey 5-Year Estimates from IPUMS USA.,Uninsured Among Ages 16 and Older In Labor Force and Employed,Race/Ethnicity,Asian,7654.0,3.7,
2025,2022.0,Health Insurance,2022 American Community Survey 5-Year Estimates from IPUMS USA.,Insured Among Ages 16 and Older In Labor Force and Employed,Race/Ethnicity,Black or African American,69328.0,93.9,
2025,2022.0,Health Insurance,2022 American Community Survey 5-Year Estimates from IPUMS USA.,Uninsured Among Ages 16 and Older In Labor Force and Employed,Race/Ethnicity,Black or African American,4502.0,6.1,
2025,2022.0,Health Insurance,2022 American Community Survey 5-Year Estimates from IPUMS USA.,Insured Among Ages 16 and Older In Labor Force and Employed,Sex,Female,690168.0,93.5,
2025,2022.0,Health Insurance,2022 American Community Survey 5-Year Estimates from IPUMS USA.,Uninsured Among Ages 16 and Older In Labor Force and Employed,Sex,Female,48090.0,6.5,
2025,2022.0,Health Insurance,2022 American Community Survey 5-Year Estimates from IPUMS USA.,Insured Among Ages 16 and Older In Labor Force and Employed,Race/Ethnicity,Hispanic or Latino,462434.0,84.4,
2025,2022.0,Health Insurance,2022 American Community Survey 5-Year Estimates from IPUMS USA.,Uninsured Among Ages 16 and Older In Labor Force and Employed,Race/Ethnicity,Hispanic or Latino,85152.0,15.6,
2025,2022.0,Health Insurance,2022 American Community Survey 5-Year Estimates from IPUMS USA.,Insured Among Ages 16 and Older In Labor Force and Employed,Nativity Status,Foreign-born,406188.0,86.2,
2025,2022.0,Health Insurance,2022 American Community Survey 5-Year Estimates from IPUMS USA.,Uninsured Among Ages 16 and Older In Labor Force and Employed,Nativity Status,Foreign-born,64931.0,13.8,
2025,2022.0,Health Insurance,2022 American Community Survey 5-Year Estimates from IPUMS USA.,Insured Among Ages 16 and Older In Labor Force and Employed,Sex,Male,837263.0,90.9,
2025,2022.0,Health Insurance,2022 American Community Survey 5-Year Estimates from IPUMS USA.,Uninsured Among Ages 16 and Older In Labor Force and Employed,Sex,Male,84321.0,9.1,
2025,2022.0,Health Insurance,2022 American Community Survey 5-Year Estimates from IPUMS USA.,Insured Among Ages 16 and Older In Labor Force and Employed,Race/Ethnicity,Multiracial,62241.0,94.0,
2025,2022.0,Health Insurance,2022 American Community Survey 5-Year Estimates from IPUMS USA.,Uninsured Among Ages 16 and Older In Labor Force and Employed,Race/Ethnicity,Multiracial,3997.0,6.0,
2025,2022.0,Health Insurance,2022 American Community Survey 5-Year Estimates from IPUMS USA.,Insured Among Ages 16 and Older In Labor Force and Employed,Race/Ethnicity,Native Hawaiian or Pacific Islander,5927.0,91.3,
2025,2022.0,Health Insurance,2022 American Community Survey 5-Year Estimates from IPUMS USA.,Uninsured Among Ages 16 and Older In Labor Force and Employed,Race/Ethnicity,Native Hawaiian or Pacific Islander,568.0,8.7,
2025,2022.0,Health Insurance,2022 American Community Survey 5-Year Estimates from IPUMS USA.,Insured Among Ages 16 and Older In Labor Force and Employed,Nativity Status,U.S.-born,1121243.0,94.3,
2025,2022.0,Health Insurance,2022 American Community Survey 5-Year Estimates from IPUMS USA.,Uninsured Among Ages 16 and Older In Labor Force and Employed,Nativity Status,U.S.-born,67480.0,5.7,
2025,2022.0,Food Insecurity,2022 American Community Survey 5-Year Estimates from IPUMS USA.,Residents Not Enrolled in SNAP,Sex,Male,1505676.0,90.1,
2025,2022.0,Health Insurance,2022 American Community Survey 5-Year Estimates from IPUMS USA.,Insured Among Ages 16 and Older In Labor Force and Employed,Race/Ethnicity,Some Other Race,6123.0,89.6,
2025,2022.0,Health Insurance,2022 American Community Survey 5-Year Estimates from IPUMS USA.,Uninsured Among Ages 16 and Older In Labor Force and Employed,Race/Ethnicity,Some Other Race,710.0,10.4,
2025,2022.0,Health Insurance,2022 American Community Survey 5-Year Estimates from IPUMS USA.,Insured Among Ages 16 and Older In Labor Force and Employed,Total,Total,1527431.0,92.0,
2025,2022.0,Health Insurance,2022 American Community Survey 5-Year Estimates from IPUMS USA.,Uninsured Among Ages 16 and Older In Labor Force and Employed,Total,Total,132411.0,8.0,
2025,2022.0,Health Insurance,2022 American Community Survey 5-Year Estimates from IPUMS USA.,Insured Among Ages 16 and Older In Labor Force and Employed,Race/Ethnicity,White,719552.0,96.1,
2025,2022.0,Health Insurance,2022 American Community Survey 5-Year Estimates from IPUMS USA.,Uninsured Among Ages 16 and Older In Labor Force and Employed,Race/Ethnicity,White,29380.0,3.9,
2025,2022.0,Health Insurance,2022 American Community Survey 5-Year Estimates from IPUMS USA.,Insured Among Ages 16 and Older In Labor Force and Employed,Disability Status,With Reported Disability,73507.0,93.1,
2025,2022.0,Health Insurance,2022 American Community Survey 5-Year Estimates from IPUMS USA.,Uninsured Among Ages 16 and Older In Labor Force and Employed,Disability Status,With Reported Disability,5487.0,6.9,
2025,2022.0,Health Insurance,2022 American Community Survey 5-Year Estimates from IPUMS USA.,Insured Among Ages 16 and Older In Labor Force and Employed,Disability Status,Without Reported Disability,1453924.0,92.0,
2025,2022.0,Health Insurance,2022 American Community Survey 5-Year Estimates from IPUMS USA.,Uninsured Among Ages 16 and Older In Labor Force and Employed,Disability Status,Without Reported Disability,126924.0,8.0,
2025,2022.0,Food Insecurity,2022 American Community Survey 5-Year Estimates from IPUMS USA.,Residents Enrolled in SNAP,Race/Ethnicity,American Indian or Alaska Native,588.0,6.7,
2025,2022.0,Food Insecurity,2022 American Community Survey 5-Year Estimates from IPUMS USA.,Residents Not Enrolled in SNAP,Race/Ethnicity,American Indian or Alaska Native,8193.0,93.3,
2025,2022.0,Food Insecurity,2022 American Community Survey 5-Year Estimates from IPUMS USA.,Residents Enrolled in SNAP,Race/Ethnicity,Asian,28930.0,7.6,
2025,2022.0,Food Insecurity,2022 American Community Survey 5-Year Estimates from IPUMS USA.,Residents Not Enrolled in SNAP,Race/Ethnicity,Asian,352481.0,92.4,
2025,2022.0,Food Insecurity,2022 American Community Survey 5-Year Estimates from IPUMS USA.,Residents Enrolled in SNAP,Race/Ethnicity,Black or African American,30292.0,20.5,
2025,2022.0,Food Insecurity,2022 American Community Survey 5-Year Estimates from IPUMS USA.,Residents Not Enrolled in SNAP,Race/Ethnicity,Black or African American,117766.0,79.5,
2025,2022.0,Food Insecurity,2022 American Community Survey 5-Year Estimates from IPUMS USA.,Residents Enrolled in SNAP,Sex,Female,185605.0,11.5,
2025,2022.0,Food Insecurity,2022 American Community Survey 5-Year Estimates from IPUMS USA.,Residents Not Enrolled in SNAP,Sex,Female,1434877.0,88.5,
2025,2022.0,Food Insecurity,2022 American Community Survey 5-Year Estimates from IPUMS USA.,Residents Enrolled in SNAP,Race/Ethnicity,Hispanic or Latino,180880.0,15.9,
2025,2022.0,Food Insecurity,2022 American Community Survey 5-Year Estimates from IPUMS USA.,Residents Not Enrolled in SNAP,Race/Ethnicity,Hispanic or Latino,953570.0,84.1,
2025,2022.0,Food Insecurity,2022 American Community Survey 5-Year Estimates from IPUMS USA.,Residents Enrolled in SNAP,Nativity Status,Foreign-born,106645.0,13.2,
2025,2022.0,Food Insecurity,2022 American Community Survey 5-Year Estimates from IPUMS USA.,Residents Not Enrolled in SNAP,Nativity Status,Foreign-born,703671.0,86.8,
2025,2022.0,Food Insecurity,2022 American Community Survey 5-Year Estimates from IPUMS USA.,Residents Enrolled in SNAP,Sex,Male,164791.0,9.9,
2025,2022.0,Food Insecurity,2022 American Community Survey 5-Year Estimates from IPUMS USA.,Residents Enrolled in SNAP,Race/Ethnicity,Multiracial,14849.0,9.5,
2025,2022.0,Food Insecurity,2022 American Community Survey 5-Year Estimates from IPUMS USA.,Residents Not Enrolled in SNAP,Race/Ethnicity,Multiracial,141327.0,90.5,
2025,2022.0,Food Insecurity,2022 American Community Survey 5-Year Estimates from IPUMS USA.,Residents Enrolled in SNAP,Race/Ethnicity,Native Hawaiian or Pacific Islander,2422.0,21.2,
2025,2022.0,Food Insecurity,2022 American Community Survey 5-Year Estimates from IPUMS USA.,Residents Not Enrolled in SNAP,Race/Ethnicity,Native Hawaiian or Pacific Islander,9011.0,78.8,
2025,2022.0,Food Insecurity,2022 American Community Survey 5-Year Estimates from IPUMS USA.,Residents Enrolled in SNAP,Nativity Status,U.S.-born,243751.0,9.8,
2025,2022.0,Food Insecurity,2022 American Community Survey 5-Year Estimates from IPUMS USA.,Residents Not Enrolled in SNAP,Nativity Status,U.S.-born,2236882.0,90.2,
2025,2022.0,Food Insecurity,2022 American Community Survey 5-Year Estimates from IPUMS USA.,Residents Enrolled in SNAP,Race/Ethnicity,Some Other Race,1649.0,11.7,
2025,2022.0,Food Insecurity,2022 American Community Survey 5-Year Estimates from IPUMS USA.,Residents Not Enrolled in SNAP,Race/Ethnicity,Some Other Race,12438.0,88.3,
2025,2022.0,Food Insecurity,2022 American Community Survey 5-Year Estimates from IPUMS USA.,Residents Enrolled in SNAP,Total,Total,350396.0,10.6,
2025,2022.0,Food Insecurity,2022 American Community Survey 5-Year Estimates from IPUMS USA.,Residents Not Enrolled in SNAP,Total,Total,2940553.0,89.4,
2025,2022.0,Food Insecurity,2022 American Community Survey 5-Year Estimates from IPUMS USA.,Residents Enrolled in SNAP,Race/Ethnicity,White,90786.0,6.3,
2025,2022.0,Food Insecurity,2022 American Community Survey 5-Year Estimates from IPUMS USA.,Residents Not Enrolled in SNAP,Race/Ethnicity,White,1345767.0,93.7,
2025,2022.0,Food Insecurity,2022 American Community Survey 5-Year Estimates from IPUMS USA.,Residents Enrolled in SNAP,Disability Status,With Reported Disability,54367.0,15.7,
2025,2022.0,Food Insecurity,2022 American Community Survey 5-Year Estimates from IPUMS USA.,Residents Not Enrolled in SNAP,Disability Status,With Reported Disability,291168.0,84.3,
2025,2022.0,Food Insecurity,2022 American Community Survey 5-Year Estimates from IPUMS USA.,Residents Enrolled in SNAP,Disability Status,Without Reported Disability,296029.0,10.1,
2025,2022.0,Food Insecurity,2022 American Community Survey 5-Year Estimates from IPUMS USA.,Residents Not Enrolled in SNAP,Disability Status,Without Reported Disability,2649385.0,89.9,
2025,2022.0,Internet Access,2022 American Community Survey 5-Year Estimates from IPUMS USA.,Residents With High-Speed Internet,Race/Ethnicity,American Indian or Alaska Native,6364.0,86.8,
2025,2022.0,Internet Access,2022 American Community Survey 5-Year Estimates from IPUMS USA.,Residents Without High-Speed Internet,Race/Ethnicity,Multiracial,11504.0,7.7,
2025,2022.0,Internet Access,2022 American Community Survey 5-Year Estimates from IPUMS USA.,Residents With High-Speed Internet,Race/Ethnicity,Asian,330009.0,90.6,
2025,2022.0,Internet Access,2022 American Community Survey 5-Year Estimates from IPUMS USA.,Residents Without High-Speed Internet,Race/Ethnicity,Asian,34134.0,9.4,
2025,2022.0,Internet Access,2022 American Community Survey 5-Year Estimates from IPUMS USA.,Residents With High-Speed Internet,Race/Ethnicity,Black or African American,106664.0,83.3,
2025,2022.0,Internet Access,2022 American Community Survey 5-Year Estimates from IPUMS USA.,Residents Without High-Speed Internet,Race/Ethnicity,White,134786.0,10.1,
2025,2022.0,Internet Access,2022 American Community Survey 5-Year Estimates from IPUMS USA.,Residents With High-Speed Internet,Sex,Female,1330366.0,87.6,
2025,2022.0,Internet Access,2022 American Community Survey 5-Year Estimates from IPUMS USA.,Residents Without High-Speed Internet,Nativity Status,U.S.-born,251582.0,10.9,
2025,2022.0,Internet Access,2022 American Community Survey 5-Year Estimates from IPUMS USA.,Residents With High-Speed Internet,Race/Ethnicity,Hispanic or Latino,892217.0,85.0,
2025,2022.0,Internet Access,2022 American Community Survey 5-Year Estimates from IPUMS USA.,Residents Without High-Speed Internet,Sex,Male,175412.0,11.4,
2025,2022.0,Internet Access,2022 American Community Survey 5-Year Estimates from IPUMS USA.,Residents With High-Speed Internet,Nativity Status,Foreign-born,639570.0,85.1,
2025,2022.0,Internet Access,2022 American Community Survey 5-Year Estimates from IPUMS USA.,Residents Without High-Speed Internet,Disability Status,Without Reported Disability,318349.0,11.5,
2025,2022.0,Internet Access,2022 American Community Survey 5-Year Estimates from IPUMS USA.,Residents With High-Speed Internet,Sex,Male,1359535.0,88.6,
2025,2022.0,Internet Access,2022 American Community Survey 5-Year Estimates from IPUMS USA.,Residents Without High-Speed Internet,Total,Total,363851.0,11.9,
2025,2022.0,Internet Access,2022 American Community Survey 5-Year Estimates from IPUMS USA.,Residents With High-Speed Internet,Race/Ethnicity,Multiracial,137612.0,92.3,
2025,2022.0,Internet Access,2022 American Community Survey 5-Year Estimates from IPUMS USA.,Residents Without High-Speed Internet,Sex,Female,188439.0,12.4,
2025,2022.0,Internet Access,2022 American Community Survey 5-Year Estimates from IPUMS USA.,Residents Without High-Speed Internet,Race/Ethnicity,American Indian or Alaska Native,970.0,13.2,
2025,2022.0,Internet Access,2022 American Community Survey 5-Year Estimates from IPUMS USA.,Residents With High-Speed Internet,Nativity Status,U.S.-born,2050331.0,89.1,
2025,2022.0,Internet Access,2022 American Community Survey 5-Year Estimates from IPUMS USA.,Residents Without High-Speed Internet,Race/Ethnicity,Some Other Race,1911.0,14.8,
2025,2022.0,Internet Access,2022 American Community Survey 5-Year Estimates from IPUMS USA.,Residents With High-Speed Internet,Race/Ethnicity,Some Other Race,10966.0,85.2,
2025,2022.0,Internet Access,2022 American Community Survey 5-Year Estimates from IPUMS USA.,Residents Without High-Speed Internet,Nativity Status,Foreign-born,112269.0,14.9,
2025,2022.0,Internet Access,2022 American Community Survey 5-Year Estimates from IPUMS USA.,Residents With High-Speed Internet,Total,Total,2689901.0,88.1,
2025,2022.0,Internet Access,2022 American Community Survey 5-Year Estimates from IPUMS USA.,Residents Without High-Speed Internet,Race/Ethnicity,Hispanic or Latino,157519.0,15.0,
2025,2022.0,Internet Access,2022 American Community Survey 5-Year Estimates from IPUMS USA.,Residents With High-Speed Internet,Race/Ethnicity,White,1197156.0,89.9,
2025,2022.0,Internet Access,2022 American Community Survey 5-Year Estimates from IPUMS USA.,Residents Without High-Speed Internet,Race/Ethnicity,Native Hawaiian or Pacific Islander,1577.0,15.0,
2025,2022.0,Internet Access,2022 American Community Survey 5-Year Estimates from IPUMS USA.,Residents With High-Speed Internet,Disability Status,With Reported Disability,239041.0,84.0,
2025,2022.0,Internet Access,2022 American Community Survey 5-Year Estimates from IPUMS USA.,Residents Without High-Speed Internet,Disability Status,With Reported Disability,45502.0,16.0,
2025,2022.0,Internet Access,2022 American Community Survey 5-Year Estimates from IPUMS USA.,Residents With High-Speed Internet,Disability Status,Without Reported Disability,2450860.0,88.5,
2025,2022.0,Internet Access,2022 American Community Survey 5-Year Estimates from IPUMS USA.,Residents Without High-Speed Internet,Race/Ethnicity,Black or African American,21450.0,16.7,
2025,2022.0,Demographics Overview,2022 American Community Survey 5-Year Estimates from IPUMS USA.,San Diego County,Race/Ethnicity,American Indian or Alaska Native,8781.0,0.3,
2025,2022.0,Demographics Overview,2022 American Community Survey 5-Year Estimates from IPUMS USA.,San Diego County,Race/Ethnicity,Asian,381411.0,11.6,
2025,2022.0,Demographics Overview,2022 American Community Survey 5-Year Estimates from IPUMS USA.,San Diego County,Race/Ethnicity,Black or African American,148058.0,4.5,
2025,2022.0,Demographics Overview,2022 American Community Survey 5-Year Estimates from IPUMS USA.,San Diego County,Sex,Female,1620482.0,49.2,
2025,2022.0,Demographics Overview,2022 American Community Survey 5-Year Estimates from IPUMS USA.,San Diego County,Race/Ethnicity,Hispanic or Latino,1134450.0,34.5,
2025,2022.0,Demographics Overview,2022 American Community Survey 5-Year Estimates from IPUMS USA.,San Diego County,Nativity Status,Foreign-born,810316.0,24.6,
2025,2022.0,Demographics Overview,2022 American Community Survey 5-Year Estimates from IPUMS USA.,San Diego County,Sex,Male,1670467.0,50.8,
2025,2022.0,Demographics Overview,2022 American Community Survey 5-Year Estimates from IPUMS USA.,San Diego County,Race/Ethnicity,Multiracial,156176.0,4.7,
2025,2022.0,Demographics Overview,2022 American Community Survey 5-Year Estimates from IPUMS USA.,San Diego County,Race/Ethnicity,Native Hawaiian or Pacific Islander,11433.0,0.3,
2025,2022.0,Demographics Overview,2022 American Community Survey 5-Year Estimates from IPUMS USA.,San Diego County,Nativity Status,U.S.-born,2480633.0,75.4,
2025,2022.0,Demographics Overview,2022 American Community Survey 5-Year Estimates from IPUMS USA.,San Diego County,Race/Ethnicity,Some Other Race,14087.0,0.4,
2025,2022.0,Demographics Overview,2022 American Community Survey 5-Year Estimates from IPUMS USA.,San Diego County,Total,Total,3290949.0,100.0,
2025,2022.0,Demographics Overview,2022 American Community Survey 5-Year Estimates from IPUMS USA.,San Diego County,Race/Ethnicity,White,1436553.0,43.7,
2025,2022.0,Demographics Overview,2022 American Community Survey 5-Year Estimates from IPUMS USA.,San Diego County,Disability Status,With Reported Disability,345535.0,10.5,
2025,2022.0,Demographics Overview,2022 American Community Survey 5-Year Estimates from IPUMS USA.,San Diego County,Disability Status,Without Reported Disability,2945414.0,89.5,
2025,2022.0,Commute Time and Method of Transportation,2022 American Community Survey 5-Year Estimates from IPUMS USA.,Commute Method of Transportation by Race/Ethnicity,Bicycle,American Indian or Alaska Native,0.0,0.0,
2025,2022.0,Commute Time and Method of Transportation,2022 American Community Survey 5-Year Estimates from IPUMS USA.,Commute Method of Transportation by Race/Ethnicity,Other,American Indian or Alaska Native,0.0,0.0,
2025,2022.0,Commute Time and Method of Transportation,2022 American Community Survey 5-Year Estimates from IPUMS USA.,Commute Method of Transportation by Race/Ethnicity,Private Motor Vehicle,American Indian or Alaska Native,3254.0,79.2,
2025,2022.0,Commute Time and Method of Transportation,2022 American Community Survey 5-Year Estimates from IPUMS USA.,Commute Method of Transportation Among Employed People 16 Years of Age and Older,Public Transport,Ferryboat,416.0,0.0,
2025,2022.0,Commute Time and Method of Transportation,2022 American Community Survey 5-Year Estimates from IPUMS USA.,Commute Method of Transportation by Race/Ethnicity,Walked Only,American Indian or Alaska Native,367.0,8.9,
2025,2022.0,Commute Time and Method of Transportation,2022 American Community Survey 5-Year Estimates from IPUMS USA.,Commute Method of Transportation by Race/Ethnicity,Worked at Home,Hispanic or Latino,48233.0,9.0,
2025,2022.0,Commute Time and Method of Transportation,2022 American Community Survey 5-Year Estimates from IPUMS USA.,Commute Method of Transportation by Race/Ethnicity,Bicycle,Asian,788.0,0.4,
2025,2022.0,Commute Time and Method of Transportation,2022 American Community Survey 5-Year Estimates from IPUMS USA.,Commute Method of Transportation by Race/Ethnicity,Other,Asian,1939.0,1.0,
2025,2022.0,Commute Time and Method of Transportation,2022 American Community Survey 5-Year Estimates from IPUMS USA.,Commute Method of Transportation by Race/Ethnicity,Private Motor Vehicle,Asian,157725.0,78.4,
2025,2022.0,Commute Time and Method of Transportation,2022 American Community Survey 5-Year Estimates from IPUMS USA.,Commute Method of Transportation Among Employed People 16 Years of Age and Older,Public Transport,Subway or elevated,1079.0,0.1,
2025,2022.0,Commute Time and Method of Transportation,2022 American Community Survey 5-Year Estimates from IPUMS USA.,Commute Method of Transportation by Race/Ethnicity,Walked Only,Asian,4009.0,2.0,
2025,2022.0,Commute Time and Method of Transportation,2022 American Community Survey 5-Year Estimates from IPUMS USA.,Commute Method of Transportation by Race/Ethnicity,Worked at Home,American Indian or Alaska Native,414.0,10.1,
2025,2022.0,Commute Time and Method of Transportation,2022 American Community Survey 5-Year Estimates from IPUMS USA.,Commute Method of Transportation by Race/Ethnicity,Bicycle,Black or African American,136.0,0.2,
2025,2022.0,Commute Time and Method of Transportation,2022 American Community Survey 5-Year Estimates from IPUMS USA.,Commute Method of Transportation by Race/Ethnicity,Other,Black or African American,716.0,1.0,
2025,2022.0,Commute Time and Method of Transportation,2022 American Community Survey 5-Year Estimates from IPUMS USA.,Commute Method of Transportation by Race/Ethnicity,Private Motor Vehicle,Black or African American,54580.0,75.4,
2025,2022.0,Commute Time and Method of Transportation,2022 American Community Survey 5-Year Estimates from IPUMS USA.,Commute Method of Transportation Among Employed People 16 Years of Age and Older,Public Transport,Long-distance train or commuter train,2090.0,0.1,
2025,2022.0,Commute Time and Method of Transportation,2022 American Community Survey 5-Year Estimates from IPUMS USA.,Commute Method of Transportation by Race/Ethnicity,Walked Only,Black or African American,3862.0,5.3,
2025,2022.0,Commute Time and Method of Transportation,2022 American Community Survey 5-Year Estimates from IPUMS USA.,Commute Method of Transportation by Nativity Status,Worked at Home,Foreign-born,57232.0,12.4,
2025,2022.0,Commute Time and Method of Transportation,2022 American Community Survey 5-Year Estimates from IPUMS USA.,Commute Method of Transportation by Sex,Bicycle,Female,1951.0,0.3,
2025,2022.0,Commute Time and Method of Transportation,2022 American Community Survey 5-Year Estimates from IPUMS USA.,Commute Method of Transportation by Sex,Other,Female,8172.0,1.1,
2025,2022.0,Commute Time and Method of Transportation,2022 American Community Survey 5-Year Estimates from IPUMS USA.,Commute Method of Transportation by Sex,Private Motor Vehicle,Female,553455.0,77.2,
2025,2022.0,Commute Time and Method of Transportation,2022 American Community Survey 5-Year Estimates from IPUMS USA.,Commute Method of Transportation Among Employed People 16 Years of Age and Older,Public Transport,Taxicab,2351.0,0.1,
2025,2022.0,Commute Time and Method of Transportation,2022 American Community Survey 5-Year Estimates from IPUMS USA.,Commute Method of Transportation by Sex,Walked Only,Female,15145.0,2.1,
2025,2022.0,Commute Time and Method of Transportation,2022 American Community Survey 5-Year Estimates from IPUMS USA.,Commute Method of Transportation by Race/Ethnicity,Worked at Home,Black or African American,9089.0,12.6,
2025,2022.0,Commute Time and Method of Transportation,2022 American Community Survey 5-Year Estimates from IPUMS USA.,Commute Method of Transportation by Race/Ethnicity,Bicycle,Hispanic or Latino,2135.0,0.4,
2025,2022.0,Commute Time and Method of Transportation,2022 American Community Survey 5-Year Estimates from IPUMS USA.,Commute Method of Transportation by Race/Ethnicity,Other,Hispanic or Latino,6659.0,1.2,
2025,2022.0,Commute Time and Method of Transportation,2022 American Community Survey 5-Year Estimates from IPUMS USA.,Commute Method of Transportation by Race/Ethnicity,Private Motor Vehicle,Hispanic or Latino,443950.0,83.1,
2025,2022.0,Commute Time and Method of Transportation,2022 American Community Survey 5-Year Estimates from IPUMS USA.,Commute Method of Transportation Among Employed People 16 Years of Age and Older,Public Transport,"Light rail, streetcar, or trolley",4672.0,0.3,
2025,2022.0,Commute Time and Method of Transportation,2022 American Community Survey 5-Year Estimates from IPUMS USA.,Commute Method of Transportation by Race/Ethnicity,Walked Only,Hispanic or Latino,15841.0,3.0,
2025,2020.0,Business Ownership,2021 Nonemployer Statistics by Demographics series,Nonemployer Businesses,Minority_Nonminority,Nonminority,152000.0,52.1,
2025,2022.0,Commute Time and Method of Transportation,2022 American Community Survey 5-Year Estimates from IPUMS USA.,Commute Method of Transportation by Sex,Worked at Home,Male,123271.0,13.6,
2025,2022.0,Commute Time and Method of Transportation,2022 American Community Survey 5-Year Estimates from IPUMS USA.,Commute Method of Transportation by Nativity Status,Bicycle,Foreign-born,1973.0,0.4,
2025,2022.0,Commute Time and Method of Transportation,2022 American Community Survey 5-Year Estimates from IPUMS USA.,Commute Method of Transportation by Nativity Status,Other,Foreign-born,5194.0,1.1,
2025,2022.0,Commute Time and Method of Transportation,2022 American Community Survey 5-Year Estimates from IPUMS USA.,Commute Method of Transportation by Nativity Status,Private Motor Vehicle,Foreign-born,372602.0,81.0,
2025,2022.0,Commute Time and Method of Transportation,2022 American Community Survey 5-Year Estimates from IPUMS USA.,Commute Method of Transportation by Race/Ethnicity,Public Transport,White,10086.0,1.4,
2025,2022.0,Commute Time and Method of Transportation,2022 American Community Survey 5-Year Estimates from IPUMS USA.,Commute Method of Transportation by Nativity Status,Walked Only,Foreign-born,8918.0,1.9,
2025,2022.0,Commute Time and Method of Transportation,2022 American Community Survey 5-Year Estimates from IPUMS USA.,Commute Method of Transportation by Disability Status,Worked at Home,Without Reported Disability,230187.0,14.9,
2025,2022.0,Commute Time and Method of Transportation,2022 American Community Survey 5-Year Estimates from IPUMS USA.,Commute Method of Transportation by Sex,Bicycle,Male,6180.0,0.7,
2025,2022.0,Commute Time and Method of Transportation,2022 American Community Survey 5-Year Estimates from IPUMS USA.,Commute Method of Transportation by Sex,Other,Male,9719.0,1.1,
2025,2022.0,Commute Time and Method of Transportation,2022 American Community Survey 5-Year Estimates from IPUMS USA.,Commute Method of Transportation by Sex,Private Motor Vehicle,Male,711619.0,78.5,
2025,2022.0,Commute Time and Method of Transportation,2022 American Community Survey 5-Year Estimates from IPUMS USA.,Commute Method of Transportation Among Employed People 16 Years of Age and Older,Public Transport,Bus,27887.0,1.7,
2025,2022.0,Commute Time and Method of Transportation,2022 American Community Survey 5-Year Estimates from IPUMS USA.,Commute Method of Transportation by Sex,Walked Only,Male,34884.0,3.8,
2025,2022.0,Commute Time and Method of Transportation,2022 American Community Survey 5-Year Estimates from IPUMS USA.,Commute Method of Transportation by Race/Ethnicity,Worked at Home,Some Other Race,1003.0,15.0,
2025,2022.0,Commute Time and Method of Transportation,2022 American Community Survey 5-Year Estimates from IPUMS USA.,Commute Method of Transportation by Race/Ethnicity,Bicycle,Multiracial,215.0,0.3,
2025,2022.0,Commute Time and Method of Transportation,2022 American Community Survey 5-Year Estimates from IPUMS USA.,Commute Method of Transportation by Race/Ethnicity,Other,Multiracial,1177.0,1.8,
2025,2022.0,Commute Time and Method of Transportation,2022 American Community Survey 5-Year Estimates from IPUMS USA.,Commute Method of Transportation by Race/Ethnicity,Private Motor Vehicle,Multiracial,48055.0,74.3,
2025,2022.0,Commute Time and Method of Transportation,2022 American Community Survey 5-Year Estimates from IPUMS USA.,Commute Method of Transportation by Race/Ethnicity,Public Transport,American Indian or Alaska Native,71.0,1.7,
2025,2022.0,Commute Time and Method of Transportation,2022 American Community Survey 5-Year Estimates from IPUMS USA.,Commute Method of Transportation by Race/Ethnicity,Walked Only,Multiracial,2256.0,3.5,
2025,2022.0,Commute Time and Method of Transportation,2022 American Community Survey 5-Year Estimates from IPUMS USA.,Commute Method of Transportation by Race/Ethnicity,Worked at Home,Native Hawaiian or Pacific Islander,988.0,15.3,
2025,2022.0,Commute Time and Method of Transportation,2022 American Community Survey 5-Year Estimates from IPUMS USA.,Commute Method of Transportation Among Employed People 16 Years of Age and Older,Bicycle,Bicycle,8131.0,0.5,
2025,2022.0,Commute Time and Method of Transportation,2022 American Community Survey 5-Year Estimates from IPUMS USA.,Commute Method of Transportation by Race/Ethnicity,Bicycle,Native Hawaiian or Pacific Islander,9.0,0.1,
2025,2022.0,Commute Time and Method of Transportation,2022 American Community Survey 5-Year Estimates from IPUMS USA.,Commute Method of Transportation by Race/Ethnicity,Other,Native Hawaiian or Pacific Islander,58.0,0.9,
2025,2022.0,Commute Time and Method of Transportation,2022 American Community Survey 5-Year Estimates from IPUMS USA.,Commute Method of Transportation by Race/Ethnicity,Private Motor Vehicle,Native Hawaiian or Pacific Islander,5122.0,79.2,
2025,2022.0,Commute Time and Method of Transportation,2022 American Community Survey 5-Year Estimates from IPUMS USA.,Commute Method of Transportation by Nativity Status,Public Transport,U.S.-born,24347.0,2.1,
2025,2022.0,Commute Time and Method of Transportation,2022 American Community Survey 5-Year Estimates from IPUMS USA.,Commute Method of Transportation by Race/Ethnicity,Walked Only,Native Hawaiian or Pacific Islander,71.0,1.1,
2025,2022.0,Commute Time and Method of Transportation,2022 American Community Survey 5-Year Estimates from IPUMS USA.,Commute Method of Transportation by Race/Ethnicity,Worked at Home,Asian,31493.0,15.6,
2025,2022.0,Commute Time and Method of Transportation,2022 American Community Survey 5-Year Estimates from IPUMS USA.,Commute Method of Transportation by Nativity Status,Bicycle,U.S.-born,6158.0,0.5,
2025,2022.0,Commute Time and Method of Transportation,2022 American Community Survey 5-Year Estimates from IPUMS USA.,Commute Method of Transportation by Nativity Status,Other,U.S.-born,12697.0,1.1,
2025,2022.0,Commute Time and Method of Transportation,2022 American Community Survey 5-Year Estimates from IPUMS USA.,Commute Method of Transportation by Nativity Status,Private Motor Vehicle,U.S.-born,892472.0,76.7,
2025,2022.0,Commute Time and Method of Transportation,2022 American Community Survey 5-Year Estimates from IPUMS USA.,Commute Method of Transportation by Race/Ethnicity,Public Transport,Multiracial,1434.0,2.2,
2025,2022.0,Commute Time and Method of Transportation,2022 American Community Survey 5-Year Estimates from IPUMS USA.,Commute Method of Transportation by Nativity Status,Walked Only,U.S.-born,41111.0,3.5,
2025,2022.0,Commute Time and Method of Transportation,2022 American Community Survey 5-Year Estimates from IPUMS USA.,Commute Method of Transportation by Nativity Status,Worked at Home,U.S.-born,186076.0,16.0,
2025,2022.0,Commute Time and Method of Transportation,2022 American Community Survey 5-Year Estimates from IPUMS USA.,Commute Method of Transportation by Race/Ethnicity,Bicycle,Some Other Race,59.0,0.9,
2025,2022.0,Commute Time and Method of Transportation,2022 American Community Survey 5-Year Estimates from IPUMS USA.,Commute Method of Transportation by Race/Ethnicity,Other,Some Other Race,128.0,1.9,
2025,2022.0,Commute Time and Method of Transportation,2022 American Community Survey 5-Year Estimates from IPUMS USA.,Commute Method of Transportation by Race/Ethnicity,Private Motor Vehicle,Some Other Race,5052.0,75.6,
2025,2022.0,Commute Time and Method of Transportation,2022 American Community Survey 5-Year Estimates from IPUMS USA.,Commute Method of Transportation by Sex,Public Transport,Male,20419.0,2.3,
2025,2022.0,Commute Time and Method of Transportation,2022 American Community Survey 5-Year Estimates from IPUMS USA.,Commute Method of Transportation by Race/Ethnicity,Walked Only,Some Other Race,284.0,4.2,
2025,2022.0,Commute Time and Method of Transportation,2022 American Community Survey 5-Year Estimates from IPUMS USA.,Commute Method of Transportation by Sex,Worked at Home,Female,120037.0,16.7,
2025,2022.0,Commute Time and Method of Transportation,2022 American Community Survey 5-Year Estimates from IPUMS USA.,Commute Method of Transportation Among Employed People 16 Years of Age and Older,Worked at home,Worked at home,243308.0,15.0,
2025,2022.0,Commute Time and Method of Transportation,2022 American Community Survey 5-Year Estimates from IPUMS USA.,Commute Method of Transportation Among Employed People 16 Years of Age and Older,Other,Other,17891.0,1.1,
2025,2022.0,Commute Time and Method of Transportation,2022 American Community Survey 5-Year Estimates from IPUMS USA.,Commute Method of Transportation Among Employed People 16 Years of Age and Older,Total Public Transport,Total Public Transport,38495.0,2.4,
2025,2022.0,Commute Time and Method of Transportation,2022 American Community Survey 5-Year Estimates from IPUMS USA.,Commute Method of Transportation Among Employed People 16 Years of Age and Older,Walked only,Walked only,50029.0,3.1,
2025,2022.0,Commute Time and Method of Transportation,2022 American Community Survey 5-Year Estimates from IPUMS USA.,Commute Method of Transportation Among Employed People 16 Years of Age and Older,Total Private Motor Vehicle,Total Private Motor Vehicle,1265074.0,78.0,
2025,2022.0,Commute Time and Method of Transportation,2022 American Community Survey 5-Year Estimates from IPUMS USA.,Commute Method of Transportation by Race/Ethnicity,Bicycle,White,4789.0,0.7,
2025,2022.0,Commute Time and Method of Transportation,2022 American Community Survey 5-Year Estimates from IPUMS USA.,Commute Method of Transportation by Race/Ethnicity,Other,White,7214.0,1.0,
2025,2022.0,Commute Time and Method of Transportation,2022 American Community Survey 5-Year Estimates from IPUMS USA.,Commute Method of Transportation by Race/Ethnicity,Private Motor Vehicle,White,547336.0,74.6,
2025,2022.0,Commute Time and Method of Transportation,2022 American Community Survey 5-Year Estimates from IPUMS USA.,Commute Method of Transportation by Disability Status,Public Transport,Without Reported Disability,34944.0,2.3,
2025,2022.0,Commute Time and Method of Transportation,2022 American Community Survey 5-Year Estimates from IPUMS USA.,Commute Method of Transportation by Race/Ethnicity,Walked Only,White,23339.0,3.2,
2025,2022.0,Commute Time and Method of Transportation,2022 American Community Survey 5-Year Estimates from IPUMS USA.,Commute Method of Transportation by Disability Status,Worked at Home,With Reported Disability,13121.0,17.4,
2025,2022.0,Commute Time and Method of Transportation,2022 American Community Survey 5-Year Estimates from IPUMS USA.,Commute Method of Transportation by Disability Status,Bicycle,With Reported Disability,285.0,0.4,
2025,2022.0,Commute Time and Method of Transportation,2022 American Community Survey 5-Year Estimates from IPUMS USA.,Commute Method of Transportation by Disability Status,Other,With Reported Disability,1491.0,2.0,
2025,2022.0,Commute Time and Method of Transportation,2022 American Community Survey 5-Year Estimates from IPUMS USA.,Commute Method of Transportation by Disability Status,Private Motor Vehicle,With Reported Disability,53980.0,71.7,
2025,2022.0,Commute Time and Method of Transportation,2022 American Community Survey 5-Year Estimates from IPUMS USA.,Commute Method of Transportation by Race/Ethnicity,Public Transport,Some Other Race,158.0,2.4,
2025,2022.0,Commute Time and Method of Transportation,2022 American Community Survey 5-Year Estimates from IPUMS USA.,Commute Method of Transportation by Disability Status,Walked Only,With Reported Disability,2841.0,3.8,
2025,2022.0,Commute Time and Method of Transportation,2022 American Community Survey 5-Year Estimates from IPUMS USA.,Commute Method of Transportation by Race/Ethnicity,Worked at Home,Multiracial,11539.0,17.8,
2025,2022.0,Commute Time and Method of Transportation,2022 American Community Survey 5-Year Estimates from IPUMS USA.,Commute Method of Transportation by Disability Status,Bicycle,Without Reported Disability,7846.0,0.5,
2025,2022.0,Commute Time and Method of Transportation,2022 American Community Survey 5-Year Estimates from IPUMS USA.,Commute Method of Transportation by Disability Status,Other,Without Reported Disability,16400.0,1.1,
2025,2022.0,Commute Time and Method of Transportation,2022 American Community Survey 5-Year Estimates from IPUMS USA.,Commute Method of Transportation by Disability Status,Private Motor Vehicle,Without Reported Disability,1211094.0,78.3,
2025,2020.0,Business Ownership,2021 Nonemployer Statistics by Demographics series,Nonemployer Businesses,Minority_Nonminority,Equally Minority/Nonminority,1300.0,0.4,
2025,2022.0,Commute Time and Method of Transportation,2022 American Community Survey 5-Year Estimates from IPUMS USA.,Commute Method of Transportation by Sex,Public Transport,Female,18076.0,2.5,
2025,2022.0,Commute Time and Method of Transportation,2022 American Community Survey 5-Year Estimates from IPUMS USA.,Commute Method of Transportation by Disability Status,Walked Only,Without Reported Disability,47188.0,3.0,
2025,2022.0,Commute Time and Method of Transportation,2022 American Community Survey 5-Year Estimates from IPUMS USA.,Commute Method of Transportation by Race/Ethnicity,Worked at Home,White,140549.0,19.2,
2025,2022.0,Commute Time and Method of Transportation,2022 American Community Survey 5-Year Estimates from IPUMS USA.,Commute Method of Transportation Among Employed People 16 Years of Age and Older,Private Motor Vehicle,"Auto, truck, or van",1257967.0,77.5,
2025,2022.0,Commute Time and Method of Transportation,2022 American Community Survey 5-Year Estimates from IPUMS USA.,Commute Method of Transportation Among Employed People 16 Years of Age and Older,Private Motor Vehicle,Motorcycle,7107.0,0.4,
2025,2022.0,Commute Time and Method of Transportation,2022 American Community Survey 5-Year Estimates from IPUMS USA.,Commute Method of Transportation by Race/Ethnicity,Public Transport,Asian,5298.0,2.6,
2025,2022.0,Commute Time and Method of Transportation,2022 American Community Survey 5-Year Estimates from IPUMS USA.,Commute Method of Transportation by Nativity Status,Public Transport,Foreign-born,14148.0,3.1,
2025,2022.0,Commute Time and Method of Transportation,2022 American Community Survey 5-Year Estimates from IPUMS USA.,Commute Method of Transportation by Race/Ethnicity,Public Transport,Hispanic or Latino,17242.0,3.2,
2025,2022.0,Commute Time and Method of Transportation,2022 American Community Survey 5-Year Estimates from IPUMS USA.,Commute Method of Transportation by Race/Ethnicity,Public Transport,Native Hawaiian or Pacific Islander,217.0,3.4,
2025,2022.0,Commute Time and Method of Transportation,2022 American Community Survey 5-Year Estimates from IPUMS USA.,Commute Method of Transportation by Disability Status,Public Transport,With Reported Disability,3551.0,4.7,
2025,2022.0,Commute Time and Method of Transportation,2022 American Community Survey 5-Year Estimates from IPUMS USA.,Commute Method of Transportation by Race/Ethnicity,Public Transport,Black or African American,3989.0,5.5,
2025,2022.0,Self-Sufficiency Wage,2022 American Community Survey 5-Year Estimates from IPUMS USA.,Households,Sufficient,No,510630.0,44.4,
2025,2022.0,Internet Access,2022 American Community Survey 5-Year Estimates from IPUMS USA.,Residents Without High-Speed Internet,Age Group,18-29,66246.0,12.6,
2025,2022.0,Internet Access,2022 American Community Survey 5-Year Estimates from IPUMS USA.,Residents Without High-Speed Internet,Age Group,30-49,86765.0,9.8,
2025,2022.0,Internet Access,2022 American Community Survey 5-Year Estimates from IPUMS USA.,Residents Without High-Speed Internet,Age Group,50-64,73247.0,13.3,
2025,2022.0,Internet Access,2022 American Community Survey 5-Year Estimates from IPUMS USA.,Residents Without High-Speed Internet,Age Group,65+,66636.0,16.0,
2025,2022.0,Internet Access,2022 American Community Survey 5-Year Estimates from IPUMS USA.,Residents Without High-Speed Internet,Age Group,Under 18,70957.0,10.4,
2025,2022.0,Internet Access,2022 American Community Survey 5-Year Estimates from IPUMS USA.,Residents With High-Speed Internet,Age Group,18-29,459157.0,87.4,
2025,2022.0,Internet Access,2022 American Community Survey 5-Year Estimates from IPUMS USA.,Residents With High-Speed Internet,Age Group,30-49,795701.0,90.2,
2025,2022.0,Internet Access,2022 American Community Survey 5-Year Estimates from IPUMS USA.,Residents With High-Speed Internet,Age Group,50-64,476531.0,86.7,
2025,2022.0,Internet Access,2022 American Community Survey 5-Year Estimates from IPUMS USA.,Residents With High-Speed Internet,Age Group,65+,349286.0,84.0,
2025,2022.0,Internet Access,2022 American Community Survey 5-Year Estimates from IPUMS USA.,Residents With High-Speed Internet,Age Group,Under 18,609226.0,89.6,
2025,2022.0,Self-Sufficiency Wage,2022 American Community Survey 5-Year Estimates from IPUMS USA.,Households,Sufficient,Yes,638240.0,55.6,
2025,2022.0,Health Insurance,2022 American Community Survey 5-Year Estimates from IPUMS USA.,Types of Health Insurance Coverage,Private,Has insurance through employer/union,1769327.0,53.8,
2025,2022.0,Health Insurance,2022 American Community Survey 5-Year Estimates from IPUMS USA.,Types of Health Insurance Coverage,Private,Has insurance purchased directly,394957.0,12.0,
2025,2022.0,Health Insurance,2022 American Community Survey 5-Year Estimates from IPUMS USA.,Types of Health Insurance Coverage,Private,Has insurance through TRICARE,295764.0,9.0,
2025,2022.0,Health Insurance,2022 American Community Survey 5-Year Estimates from IPUMS USA.,Types of Health Insurance Coverage,Public,Has insurance through Medicare,513569.0,15.6,
2025,2022.0,Health Insurance,2022 American Community Survey 5-Year Estimates from IPUMS USA.,Types of Health Insurance Coverage,Public,Has insurance through Medicaid,652681.0,19.8,
2025,2022.0,Health Insurance,2022 American Community Survey 5-Year Estimates from IPUMS USA.,Types of Health Insurance Coverage,Public,Has insurance through VA,86222.0,2.6,
2025,2022.0,Health Insurance,2022 American Community Survey 5-Year Estimates from IPUMS USA.,Types of Health Insurance Coverage,Other,Has insurance through Indian Health Service,8019.0,0.2,
2025,2020.0,Business Ownership,2020 American Community Survey 5-year Estimates,Population,Race/Ethnicity,"American Indian or Alaska Native, Non-Hispanic",11828.0,0.4,
2025,2020.0,Business Ownership,2020 American Community Survey 5-year Estimates,Population,Race/Ethnicity,"Asian, Non-Hispanic",388801.0,11.7,
2025,2020.0,Business Ownership,2020 American Community Survey 5-year Estimates,Population,Race/Ethnicity,"Native Hawaiian or Pacific Islander, Non-Hispanic",12508.0,0.4,
2025,2020.0,Business Ownership,2020 American Community Survey 5-year Estimates,Population,Race/Ethnicity,"Black or African American, Non-Hispanic",153310.0,4.6,
